Application,ProcessID,SwapChainAddress,PresentRuntime,SyncInterval,PresentFlags,AllowsTearing,PresentMode,FrameType,CPUStartTime,MsBetweenSimulationStart,MsBetweenPresents,MsBetweenDisplayChange,MsInPresentAPI,MsRenderPresentLatency,MsUntilDisplayed,MsPCLatency,MsBetweenAppStart,MsCPUBusy,MsCPUWait,MsGPULatency,MsGPUTime,MsGPUBusy,MsGPUWait,MsVideoBusy,MsAnimationError,AnimationTime,MsFlipDelay,MsAllInputToPhotonLatency,MsClickToPhotonLatency,MsInstrumentedLatency,PsoCompileCount,MsPsoCompileTime,PsoCompileBusyPercent
3DMarkSteelNomad.exe,5756,0x1EC30998B90,DXGI,0,0,0,Composed: Flip,Application,4510.73909999999978,NA,15.41560000000000,NA,0.79010000000000,0.31200000000000,NA,NA,15.28050000000000,14.49040000000000,0.79010000000000,14.48430000000000,0.31810000000000,0.31810000000000,0.00000000000000,0.00000000000000,NA,NA,NA,NA,NA,NA,0,0.00000000000000,0.00000000000000
3DMarkSteelNomad.exe,5756,0x1EC30998B90,DXGI,0,0,0,Composed: Flip,Application,4526.01960000000054,NA,73.73190000000001,NA,0.21990000000000,0.71990000000000,28.47750000000000,NA,73.16170000000000,72.94180000000000,0.21990000000000,73.22870000000000,0.43300000000000,0.43300000000000,0.00000000000000,0.00000000000000,NA,4526.01960000000054,NA,NA,NA,NA,0,0.00000000000000,0.00000000000000
3DMarkSteelNomad.exe,5756,0x1EC30998B90,DXGI,0,0,0,Composed: Flip,Application,4599.18130000000019,NA,32.47460000000000,33.44400000000000,0.21320000000000,0.49890000000000,29.44690000000000,NA,32.46790000000000,32.25470000000000,0.21320000000000,32.24510000000000,0.50850000000000,0.50850000000000,0.00000000000000,0.00000000000000,39.71770000000001,4599.18130000000019,NA,NA,NA,NA,0,0.00000000000000,0.00000000000000
3DMarkSteelNomad.exe,5756,0x1EC30998B90,DXGI,0,0,1,Hardware Composed: Independent Flip,Application,4631.64919999999984,NA,92.68830000000000,66.64490000000001,0.21510000000000,0.56870000000000,3.40350000000000,NA,92.69020000000000,92.47510000000000,0.21510000000000,92.52350000000000,0.52030000000000,0.52030000000000,0.00000000000000,0.00000000000000,-34.17700000000001,4631.64919999999984,NA,NA,NA,NA,0,0.00000000000000,0.00000000000000
3DMarkSteelNomad.exe,5756,0x1EC30998B90,DXGI,0,0,1,Hardware Composed: Independent Flip,Application,4724.33939999999984,NA,33.37210000000000,30.55670000000000,0.21340000000000,0.46020000000000,0.58810000000000,NA,33.37040000000000,33.15700000000000,0.21340000000000,33.17670000000000,0.44050000000000,0.44050000000000,0.00000000000000,0.00000000000000,62.13350000000000,4724.33939999999984,NA,NA,NA,NA,0,0.00000000000000,0.00000000000000
3DMarkSteelNomad.exe,5756,0x1EC30998B90,DXGI,0,0,1,Hardware Composed: Independent Flip,Application,4757.70980000000054,NA,33.83890000000000,33.91920000000000,0.20120000000000,0.54640000000000,0.66840000000000,NA,33.82670000000000,33.62550000000000,0.20120000000000,33.67210000000000,0.49980000000000,0.49980000000000,0.00000000000000,0.00000000000000,-0.54880000000000,4757.70980000000054,NA,NA,NA,NA,0,0.00000000000000,0.00000000000000
3DMarkSteelNomad.exe,5756,0x1EC30998B90,DXGI,0,0,1,Hardware Composed: Independent Flip,Application,4791.53650000000016,NA,33.39200000000000,33.34120000000000,0.20930000000000,0.46560000000000,0.61760000000000,NA,33.40010000000000,33.19080000000000,0.20930000000000,33.18160000000000,0.47480000000000,0.47480000000000,0.00000000000000,0.00000000000000,0.48550000000000,4791.53650000000016,NA,NA,NA,NA,0,0.00000000000000,0.00000000000000
3DMarkSteelNomad.exe,5756,0x1EC30998B90,DXGI,0,0,1,Hardware Composed: Independent Flip,Application,4824.93660000000000,NA,33.98230000000000,33.91590000000000,0.45440000000000,0.41830000000000,0.55120000000000,NA,34.22740000000000,33.77300000000000,0.45440000000000,33.74240000000000,0.44890000000000,0.44890000000000,0.00000000000000,0.00000000000000,-0.51580000000000,4824.93660000000000,NA,NA,NA,NA,0,0.00000000000000,0.00000000000000
3DMarkSteelNomad.exe,5756,0x1EC30998B90,DXGI,0,0,1,Hardware Composed: Independent Flip,Application,4859.16400000000067,NA,33.14540000000000,33.21670000000000,0.21230000000000,0.45470000000000,0.62250000000000,NA,32.90330000000000,32.69100000000000,0.21230000000000,32.67680000000000,0.46890000000000,0.46890000000000,0.00000000000000,0.00000000000000,1.01070000000000,4859.16400000000067,NA,NA,NA,NA,0,0.00000000000000,0.00000000000000
3DMarkSteelNomad.exe,5756,0x1EC30998B90,DXGI,0,0,1,Hardware Composed: Independent Flip,Application,4892.06730000000061,NA,33.29800000000000,33.34430000000000,0.21240000000000,0.52950000000000,0.66880000000000,NA,33.29810000000001,33.08570000000000,0.21240000000000,33.08310000000000,0.53210000000000,0.53210000000000,0.00000000000000,0.00000000000000,-0.44100000000000,4892.06730000000061,NA,NA,NA,NA,0,0.00000000000000,0.00000000000000
3DMarkSteelNomad.exe,5756,0x1EC30998B90,DXGI,0,0,1,Hardware Composed: Independent Flip,Application,4925.36540000000059,NA,33.69030000000000,33.72590000000000,0.20930000000000,0.57540000000000,0.70440000000000,NA,33.68720000000000,33.47790000000000,0.20930000000000,33.53760000000000,0.51570000000000,0.51570000000000,0.00000000000000,0.00000000000000,-0.42780000000000,4925.36540000000059,NA,NA,NA,NA,0,0.00000000000000,0.00000000000000
3DMarkSteelNomad.exe,5756,0x1EC30998B90,DXGI,0,0,1,Hardware Composed: Independent Flip,Application,4959.05259999999998,NA,36.73100000000000,36.76480000000000,0.24180000000000,0.60000000000000,0.73820000000000,NA,36.76350000000000,36.52170000000000,0.24180000000000,36.58440000000000,0.53730000000000,0.53730000000000,0.00000000000000,0.00000000000000,-3.07760000000000,4959.05259999999998,NA,NA,NA,NA,0,0.00000000000000,0.00000000000000
3DMarkSteelNomad.exe,5756,0x1EC30998B90,DXGI,0,0,1,Hardware Composed: Independent Flip,Application,4995.81610000000001,NA,65.90910000000001,65.73100000000001,0.21710000000000,0.45240000000000,0.56010000000000,NA,65.88440000000000,65.66730000000000,0.21710000000000,65.65200000000000,0.46770000000000,0.46770000000000,0.00000000000000,0.00000000000000,-28.96750000000001,4995.81610000000001,NA,NA,NA,NA,0,0.00000000000000,0.00000000000000
3DMarkSteelNomad.exe,5756,0x1EC30998B90,DXGI,0,0,1,Hardware Composed: Independent Flip,Application,5061.70049999999992,NA,34.21470000000000,34.25700000000001,0.22620000000000,0.48650000000000,0.60240000000000,NA,34.22380000000000,33.99760000000000,0.22620000000000,33.99460000000000,0.48950000000000,0.48950000000000,0.00000000000000,0.00000000000000,31.62739999999999,5061.70049999999992,NA,NA,NA,NA,0,0.00000000000000,0.00000000000000
3DMarkSteelNomad.exe,5756,0x1EC30998B90,DXGI,0,0,1,Hardware Composed: Independent Flip,Application,5095.92430000000058,NA,55.82100000000001,55.74260000000000,0.23020000000000,0.41250000000000,0.52400000000000,NA,55.82500000000000,55.59480000000000,0.23020000000000,55.56190000000000,0.44540000000000,0.44540000000000,0.00000000000000,0.00000000000000,-21.51880000000000,5095.92430000000058,NA,NA,NA,NA,0,0.00000000000000,0.00000000000000
3DMarkSteelNomad.exe,5756,0x1EC30998B90,DXGI,0,0,1,Hardware Composed: Independent Flip,Application,5151.74930000000040,NA,34.32470000000000,34.53560000000000,0.20440000000000,0.59820000000000,0.73490000000000,NA,34.29890000000000,34.09450000000000,0.20440000000000,34.16030000000000,0.53240000000000,0.53240000000000,0.00000000000000,0.00000000000000,21.28940000000000,5151.74930000000040,NA,NA,NA,NA,0,0.00000000000000,0.00000000000000
3DMarkSteelNomad.exe,5756,0x1EC30998B90,DXGI,0,0,1,Hardware Composed: Independent Flip,Application,5186.04820000000018,NA,32.34630000000000,32.36650000000000,0.20450000000000,0.61720000000000,0.75510000000000,NA,32.34640000000000,32.14190000000000,0.20450000000000,32.20660000000000,0.55250000000000,0.55250000000000,0.00000000000000,0.00000000000000,1.93240000000000,5186.04820000000018,NA,NA,NA,NA,0,0.00000000000000,0.00000000000000
3DMarkSteelNomad.exe,5756,0x1EC30998B90,DXGI,0,0,1,Hardware Composed: Independent Flip,Application,5218.39460000000054,NA,33.30840000000000,33.18530000000001,0.18800000000000,0.49200000000000,0.63200000000000,NA,33.29190000000001,33.10390000000000,0.18800000000000,32.22210000000000,1.37380000000000,0.88780000000000,0.48600000000000,0.00000000000000,-0.83890000000000,5218.39460000000054,NA,NA,NA,NA,0,0.00000000000000,0.00000000000000
3DMarkSteelNomad.exe,5756,0x1EC30998B90,DXGI,0,0,1,Hardware Composed: Independent Flip,Application,5251.68650000000071,NA,106.44320000000000,106.39020000000001,0.19020000000000,0.45120000000000,0.57900000000000,NA,106.44540000000001,106.25520000000000,0.19020000000000,1.06580000000000,105.64060000000001,4.30100000000000,101.33960000000000,0.00000000000000,-73.09830000000001,5251.68650000000071,NA,NA,NA,NA,0,0.00000000000000,0.00000000000000
3DMarkSteelNomad.exe,5756,0x1EC30998B90,DXGI,0,0,1,Hardware Composed: Independent Flip,Application,5358.13190000000031,NA,285.63090000000000,285.65320000000003,0.23370000000000,0.47690000000000,0.60130000000000,NA,285.67439999999999,285.44069999999999,0.23370000000000,7.59760000000000,278.31999999999999,5.05320000000000,273.26679999999999,0.00000000000000,-179.20780000000002,5358.13190000000031,NA,NA,NA,NA,0,0.00000000000000,0.00000000000000
3DMarkSteelNomad.exe,5756,0x1EC30998B90,DXGI,0,0,1,Hardware Composed: Independent Flip,Application,5643.80630000000019,NA,110.25030000000001,110.28450000000001,0.19390000000000,0.50040000000000,0.63550000000000,NA,110.21050000000001,110.01660000000001,0.19390000000000,7.19550000000000,103.32150000000000,3.66260000000000,99.65890000000000,0.00000000000000,175.38989999999998,5643.80630000000019,NA,NA,NA,NA,0,0.00000000000000,0.00000000000000
3DMarkSteelNomad.exe,5756,0x1EC30998B90,DXGI,0,0,1,Hardware Composed: Independent Flip,Application,5754.01680000000033,NA,35.99920000000000,36.09430000000000,0.18240000000000,0.56600000000000,0.73060000000000,NA,35.98770000000000,35.80530000000000,0.18240000000000,1.32750000000000,35.04380000000000,4.01760000000000,31.02620000000000,0.00000000000000,74.11620000000001,5754.01680000000033,NA,NA,NA,NA,0,0.00000000000000,0.00000000000000
3DMarkSteelNomad.exe,5756,0x1EC30998B90,DXGI,0,0,1,Hardware Composed: Independent Flip,Application,5790.00450000000001,NA,276.90379999999999,276.75650000000002,0.20850000000000,0.42920000000000,0.58330000000000,NA,276.92990000000003,276.72140000000002,0.20850000000000,99.44150000000000,177.70910000000001,4.82160000000000,172.88750000000002,0.00000000000000,-240.76880000000000,5790.00450000000001,NA,NA,NA,NA,0,0.00000000000000,0.00000000000000
3DMarkSteelNomad.exe,5756,0x1EC30998B90,DXGI,0,0,1,Hardware Composed: Independent Flip,Application,6066.93440000000010,NA,59.37840000000001,59.42780000000000,0.19210000000000,0.45260000000000,0.63270000000000,NA,59.36200000000001,59.16990000000001,0.19210000000000,2.43450000000000,57.18800000000000,2.32850000000000,54.85950000000000,0.00000000000000,217.50210000000004,6066.93440000000010,NA,NA,NA,NA,0,0.00000000000000,0.00000000000000
3DMarkSteelNomad.exe,5756,0x1EC30998B90,DXGI,0,0,1,Hardware Composed: Independent Flip,Application,6126.29640000000018,NA,41.07980000000000,40.95480000000000,0.20820000000000,0.36240000000000,0.50770000000000,NA,41.09590000000000,40.88770000000000,0.20820000000000,1.78460000000000,39.46550000000000,2.36170000000000,37.10380000000000,0.00000000000000,18.40720000000000,6126.29640000000018,NA,NA,NA,NA,0,0.00000000000000,0.00000000000000
3DMarkSteelNomad.exe,5756,0x1EC30998B90,DXGI,0,0,1,Hardware Composed: Independent Flip,Application,6167.39230000000043,NA,78.26780000000001,78.33450000000001,0.21060000000000,0.44790000000000,0.57440000000000,NA,78.27020000000000,78.05960000000000,0.21060000000000,25.93520000000000,52.57230000000001,2.43490000000000,50.13740000000001,0.00000000000000,-37.23860000000001,6167.39230000000043,NA,NA,NA,NA,0,0.00000000000000,0.00000000000000
3DMarkSteelNomad.exe,5756,0x1EC30998B90,DXGI,0,0,1,Hardware Composed: Independent Flip,Application,6245.66250000000036,NA,78.28840000000001,78.40400000000001,0.19420000000000,0.45390000000000,0.69000000000000,NA,78.27200000000001,78.07780000000001,0.19420000000000,22.25570000000000,56.27600000000000,2.46070000000000,53.81530000000000,0.00000000000000,-0.13380000000001,6245.66250000000036,NA,NA,NA,NA,0,0.00000000000000,0.00000000000000
3DMarkSteelNomad.exe,5756,0x1EC30998B90,DXGI,0,0,1,Hardware Composed: Independent Flip,Application,6323.93450000000030,NA,45.16180000000000,45.08070000000000,0.19630000000000,0.47210000000000,0.60890000000000,NA,45.16390000000001,44.96760000000000,0.19630000000000,7.29640000000000,38.14330000000000,3.06300000000000,35.08030000000000,0.00000000000000,33.19130000000001,6323.93450000000030,NA,NA,NA,NA,0,0.00000000000000,0.00000000000000
3DMarkSteelNomad.exe,5756,0x1EC30998B90,DXGI,0,0,1,Hardware Composed: Independent Flip,Application,6369.09839999999986,NA,296.98920000000004,296.86040000000003,0.21580000000000,0.34870000000000,0.48010000000000,NA,297.00870000000003,296.79290000000003,0.21580000000000,91.14610000000000,205.99550000000002,4.85750000000000,201.13800000000003,0.00000000000000,-251.69650000000001,6369.09839999999986,NA,NA,NA,NA,0,0.00000000000000,0.00000000000000
3DMarkSteelNomad.exe,5756,0x1EC30998B90,DXGI,0,0,1,Hardware Composed: Independent Flip,Application,6666.10710000000017,NA,108.02300000000001,108.13070000000000,0.19210000000000,0.44500000000000,0.58780000000000,NA,107.99930000000001,107.80720000000001,0.19210000000000,2.43520000000000,105.81700000000001,3.97690000000000,101.84010000000001,0.00000000000000,188.87800000000004,6666.10710000000017,NA,NA,NA,NA,0,0.00000000000000,0.00000000000000
3DMarkSteelNomad.exe,5756,0x1EC30998B90,DXGI,0,0,1,Hardware Composed: Independent Flip,Application,6774.10640000000058,NA,73.26310000000001,73.22850000000000,0.20060000000000,0.43100000000000,0.55320000000000,NA,73.27159999999999,73.07100000000000,0.20060000000000,26.24460000000000,47.25740000000000,2.47090000000000,44.78650000000000,0.00000000000000,34.77080000000001,6774.10640000000058,NA,NA,NA,NA,0,0.00000000000000,0.00000000000000
3DMarkSteelNomad.exe,5756,0x1EC30998B90,DXGI,0,0,1,Hardware Composed: Independent Flip,Application,6847.37800000000061,NA,267.33310000000000,267.38630000000001,0.21400000000000,0.47600000000000,0.60640000000000,NA,267.34649999999999,267.13249999999999,0.21400000000000,2.14330000000000,265.46520000000004,5.68530000000000,259.77990000000005,0.00000000000000,-194.11470000000000,6847.37800000000061,NA,NA,NA,NA,0,0.00000000000000,0.00000000000000
3DMarkSteelNomad.exe,5756,0x1EC30998B90,DXGI,0,0,1,Hardware Composed: Independent Flip,Application,7114.72450000000026,NA,83.96710000000000,84.05460000000001,0.21760000000000,0.46550000000000,0.69390000000000,NA,83.97070000000001,83.75310000000000,0.21760000000000,1.52460000000000,82.69400000000000,2.93380000000000,79.76020000000000,0.00000000000000,183.29190000000000,7114.72450000000026,NA,NA,NA,NA,0,0.00000000000000,0.00000000000000
3DMarkSteelNomad.exe,5756,0x1EC30998B90,DXGI,0,0,1,Hardware Composed: Independent Flip,Application,7198.69520000000011,NA,47.71410000000000,47.58090000000000,0.19300000000000,0.41010000000000,0.56070000000000,NA,47.68950000000000,47.49650000000000,0.19300000000000,7.53770000000000,40.36890000000000,3.06170000000000,37.30720000000000,0.00000000000000,36.38980000000001,7198.69520000000011,NA,NA,NA,NA,0,0.00000000000000,0.00000000000000
3DMarkSteelNomad.exe,5756,0x1EC30998B90,DXGI,0,0,1,Hardware Composed: Independent Flip,Application,7246.38470000000052,NA,34.65260000000000,34.67650000000000,0.27600000000000,0.45910000000000,0.58460000000000,NA,34.73560000000001,34.45960000000000,0.27600000000000,7.66280000000000,27.25590000000000,2.63180000000000,24.62410000000000,0.00000000000000,13.01300000000000,7246.38470000000052,NA,NA,NA,NA,0,0.00000000000000,0.00000000000000
3DMarkSteelNomad.exe,5756,0x1EC30998B90,DXGI,0,0,1,Hardware Composed: Independent Flip,Application,7281.12030000000050,NA,42.52440000000000,42.41350000000000,0.20270000000000,0.35120000000000,0.47370000000000,NA,42.45110000000000,42.24840000000000,0.20270000000000,6.84730000000000,35.75230000000000,2.73230000000000,33.02000000000000,0.00000000000000,-7.67789999999999,7281.12030000000050,NA,NA,NA,NA,0,0.00000000000000,0.00000000000000
3DMarkSteelNomad.exe,5756,0x1EC30998B90,DXGI,0,0,1,Hardware Composed: Independent Flip,Application,7323.57140000000072,NA,41.28440000000001,41.29850000000000,0.19380000000000,0.35200000000000,0.48780000000000,NA,41.27550000000001,41.08170000000000,0.19380000000000,8.26690000000000,33.16680000000000,2.04160000000000,31.12520000000000,0.00000000000000,1.15260000000000,7323.57140000000072,NA,NA,NA,NA,0,0.00000000000000,0.00000000000000
3DMarkSteelNomad.exe,5756,0x1EC30998B90,DXGI,0,0,1,Hardware Composed: Independent Flip,Application,7364.84690000000046,NA,93.80270000000000,93.97200000000001,0.20130000000000,0.41250000000000,0.65710000000000,NA,93.81020000000001,93.60890000000001,0.20130000000000,8.24260000000000,85.77880000000000,2.90760000000000,82.87120000000000,0.00000000000000,-52.69650000000001,7364.84690000000046,NA,NA,NA,NA,0,0.00000000000000,0.00000000000000
3DMarkSteelNomad.exe,5756,0x1EC30998B90,DXGI,0,0,1,Hardware Composed: Independent Flip,Application,7458.65710000000036,NA,82.25930000000001,82.22350000000000,0.19380000000000,0.47060000000000,0.62130000000000,NA,82.25180000000000,82.05800000000001,0.19380000000000,27.64390000000000,54.88470000000000,2.43430000000000,52.45040000000000,0.00000000000000,11.58670000000001,7458.65710000000036,NA,NA,NA,NA,0,0.00000000000000,0.00000000000000
3DMarkSteelNomad.exe,5756,0x1EC30998B90,DXGI,0,0,1,Hardware Composed: Independent Flip,Application,7540.90890000000036,NA,61.36200000000000,61.41990000000001,0.19560000000000,0.44070000000000,0.67920000000000,NA,61.36380000000000,61.16820000000001,0.19560000000000,26.63610000000000,34.97279999999999,2.00760000000000,32.96520000000000,0.00000000000000,20.83190000000000,7540.90890000000036,NA,NA,NA,NA,0,0.00000000000000,0.00000000000000
3DMarkSteelNomad.exe,5756,0x1EC30998B90,DXGI,0,0,1,Hardware Composed: Independent Flip,Application,7602.27270000000044,NA,191.42850000000001,191.31520000000000,0.20160000000000,0.40960000000000,0.56590000000000,NA,191.43450000000001,191.23290000000000,0.20160000000000,14.50900000000000,177.13350000000000,4.89430000000000,172.23920000000001,0.00000000000000,-129.95140000000001,7602.27270000000044,NA,NA,NA,NA,0,0.00000000000000,0.00000000000000
3DMarkSteelNomad.exe,5756,0x1EC30998B90,DXGI,0,0,1,Hardware Composed: Independent Flip,Application,7793.70720000000074,NA,66.02520000000000,66.05230000000000,0.19320000000000,0.44410000000000,0.59300000000000,NA,66.01680000000000,65.82360000000000,0.19320000000000,26.03060000000000,40.23710000000001,2.03160000000000,38.20550000000001,0.00000000000000,125.38220000000001,7793.70720000000074,NA,NA,NA,NA,0,0.00000000000000,0.00000000000000
3DMarkSteelNomad.exe,5756,0x1EC30998B90,DXGI,0,0,1,Hardware Composed: Independent Flip,Application,7859.72400000000016,NA,68.41160000000001,68.42150000000001,0.19840000000000,0.46990000000000,0.60290000000000,NA,68.41680000000001,68.21840000000000,0.19840000000000,26.72160000000000,41.96670000000000,2.01210000000000,39.95460000000000,0.00000000000000,-2.40470000000001,7859.72400000000016,NA,NA,NA,NA,0,0.00000000000000,0.00000000000000
3DMarkSteelNomad.exe,5756,0x1EC30998B90,DXGI,0,0,1,Hardware Composed: Independent Flip,Application,7928.14080000000013,NA,81.20320000000001,81.13370000000000,0.23390000000000,0.40760000000000,0.53340000000000,NA,81.23870000000001,81.00480000000000,0.23390000000000,2.28770000000000,79.12470000000000,2.54380000000000,76.58090000000000,0.00000000000000,-12.71690000000000,7928.14080000000013,NA,NA,NA,NA,0,0.00000000000000,0.00000000000000
3DMarkSteelNomad.exe,5756,0x1EC30998B90,DXGI,0,0,1,Hardware Composed: Independent Flip,Application,8009.37950000000001,NA,77.57910000000000,77.51320000000000,0.19740000000000,0.35790000000000,0.46750000000000,NA,77.54260000000001,77.34520000000001,0.19740000000000,28.84040000000000,48.86270000000000,2.24060000000000,46.62210000000000,0.00000000000000,3.72550000000001,8009.37950000000001,NA,NA,NA,NA,0,0.00000000000000,0.00000000000000
3DMarkSteelNomad.exe,5756,0x1EC30998B90,DXGI,0,0,1,Hardware Composed: Independent Flip,Application,8086.92210000000068,NA,70.37950000000001,70.54120000000000,0.21920000000000,0.48150000000000,0.62920000000000,NA,70.40130000000001,70.18210000000001,0.21920000000000,27.80000000000000,42.86360000000001,2.17140000000000,40.69220000000001,0.00000000000000,7.00140000000000,8086.92210000000068,NA,NA,NA,NA,0,0.00000000000000,0.00000000000000
3DMarkSteelNomad.exe,5756,0x1EC30998B90,DXGI,0,0,1,Hardware Composed: Independent Flip,Application,8157.32340000000022,NA,80.75720000000000,80.77900000000001,0.22380000000000,0.51360000000000,0.65100000000000,NA,80.76180000000001,80.53800000000001,0.22380000000000,15.14930000000000,65.90230000000000,2.54610000000000,63.35619999999999,0.00000000000000,-10.37770000000000,8157.32340000000022,NA,NA,NA,NA,0,0.00000000000000,0.00000000000000
3DMarkSteelNomad.exe,5756,0x1EC30998B90,DXGI,0,0,1,Hardware Composed: Independent Flip,Application,8238.08519999999953,NA,36.09430000000000,36.14740000000000,0.21290000000000,0.45440000000000,0.70410000000000,NA,36.08340000000000,35.87050000000000,0.21290000000000,7.42890000000000,28.89600000000000,1.85740000000000,27.03860000000000,0.00000000000000,44.61440000000000,8238.08519999999953,NA,NA,NA,NA,0,0.00000000000000,0.00000000000000
3DMarkSteelNomad.exe,5756,0x1EC30998B90,DXGI,0,0,1,Hardware Composed: Independent Flip,Application,8274.16860000000088,NA,45.53300000000000,45.32900000000000,0.22430000000000,0.35710000000000,0.50010000000000,NA,45.54440000000000,45.32010000000000,0.22430000000000,7.03890000000000,38.63830000000000,2.63750000000000,36.00080000000000,0.00000000000000,-9.24560000000000,8274.16860000000088,NA,NA,NA,NA,0,0.00000000000000,0.00000000000000
3DMarkSteelNomad.exe,5756,0x1EC30998B90,DXGI,0,0,1,Hardware Composed: Independent Flip,Application,8319.71299999999974,NA,60.46100000000001,60.52610000000000,0.19550000000000,0.43600000000000,0.56520000000000,NA,60.43220000000001,60.23670000000001,0.19550000000000,1.76810000000000,58.90460000000000,2.07190000000000,56.83270000000000,0.00000000000000,-14.98170000000000,8319.71299999999974,NA,NA,NA,NA,0,0.00000000000000,0.00000000000000
3DMarkSteelNomad.exe,5756,0x1EC30998B90,DXGI,0,0,1,Hardware Composed: Independent Flip,Application,8380.14520000000084,NA,38.07230000000000,37.95100000000000,0.18570000000000,0.33790000000000,0.44390000000000,NA,38.06250000000000,37.87680000000000,0.18570000000000,6.98130000000000,31.23340000000000,3.68870000000000,27.54470000000000,0.00000000000000,22.48120000000000,8380.14520000000084,NA,NA,NA,NA,0,0.00000000000000,0.00000000000000
3DMarkSteelNomad.exe,5756,0x1EC30998B90,DXGI,0,0,1,Hardware Composed: Independent Flip,Application,8418.20770000000084,NA,39.67730000000000,39.70050000000001,0.21520000000000,0.34830000000000,0.46710000000000,NA,39.70680000000001,39.49160000000001,0.21520000000000,1.46490000000000,38.37500000000000,3.78350000000000,34.59150000000000,0.00000000000000,-1.63800000000001,8418.20770000000084,NA,NA,NA,NA,0,0.00000000000000,0.00000000000000
3DMarkSteelNomad.exe,5756,0x1EC30998B90,DXGI,0,0,1,Hardware Composed: Independent Flip,Application,8457.91450000000077,NA,36.41960000000000,36.40360000000000,0.18540000000000,0.34500000000000,0.45110000000000,NA,36.38980000000000,36.20440000000000,0.18540000000000,1.72580000000000,34.82360000000000,4.48730000000000,30.33630000000000,0.00000000000000,3.30320000000000,8457.91450000000077,NA,NA,NA,NA,0,0.00000000000000,0.00000000000000
3DMarkSteelNomad.exe,5756,0x1EC30998B90,DXGI,0,0,1,Hardware Composed: Independent Flip,Application,8494.30429999999978,NA,80.44850000000001,80.71000000000001,0.20210000000000,0.46840000000000,0.71260000000000,NA,80.46520000000001,80.26310000000001,0.20210000000000,1.14810000000000,79.58340000000000,3.28610000000000,76.29729999999999,0.00000000000000,-44.32020000000001,8494.30429999999978,NA,NA,NA,NA,0,0.00000000000000,0.00000000000000
3DMarkSteelNomad.exe,5756,0x1EC30998B90,DXGI,0,0,1,Hardware Composed: Independent Flip,Application,8574.76950000000033,NA,113.04000000000001,112.92780000000000,0.19510000000000,0.46390000000000,0.60040000000000,NA,113.03300000000000,112.83790000000000,0.19510000000000,24.38920000000000,88.91260000000000,3.18210000000000,85.73049999999999,0.00000000000000,-32.46259999999999,8574.76950000000033,NA,NA,NA,NA,0,0.00000000000000,0.00000000000000
3DMarkSteelNomad.exe,5756,0x1EC30998B90,DXGI,0,0,1,Hardware Composed: Independent Flip,Application,8687.80249999999978,NA,102.31070000000001,102.19280000000001,0.24420000000000,0.35170000000000,0.48250000000000,NA,102.35980000000001,102.11560000000000,0.24420000000000,11.87920000000000,90.58810000000001,2.88890000000000,87.69920000000000,0.00000000000000,10.84020000000000,8687.80249999999978,NA,NA,NA,NA,0,0.00000000000000,0.00000000000000
3DMarkSteelNomad.exe,5756,0x1EC30998B90,DXGI,0,0,1,Hardware Composed: Independent Flip,Application,8790.16229999999996,NA,39.03680000000000,39.03920000000000,0.18830000000000,0.34510000000000,0.48490000000000,NA,38.98090000000000,38.79260000000000,0.18830000000000,9.45030000000000,29.68740000000000,3.08590000000000,26.60150000000000,0.00000000000000,63.32060000000001,8790.16229999999996,NA,NA,NA,NA,0,0.00000000000000,0.00000000000000
3DMarkSteelNomad.exe,5756,0x1EC30998B90,DXGI,0,0,1,Hardware Composed: Independent Flip,Application,8829.14320000000043,NA,34.61480000000000,34.58750000000000,0.19550000000000,0.34630000000000,0.45760000000000,NA,34.62200000000001,34.42650000000000,0.19550000000000,6.32570000000000,28.44710000000000,1.53510000000000,26.91200000000000,0.00000000000000,4.39340000000000,8829.14320000000043,NA,NA,NA,NA,0,0.00000000000000,0.00000000000000
3DMarkSteelNomad.exe,5756,0x1EC30998B90,DXGI,0,0,1,Hardware Composed: Independent Flip,Application,8863.76519999999982,NA,36.45870000000000,36.62430000000001,0.18610000000000,0.39280000000000,0.62320000000000,NA,36.44930000000001,36.26320000000000,0.18610000000000,25.26250000000000,11.39350000000000,1.86400000000000,9.52950000000000,0.00000000000000,-2.00230000000001,8863.76519999999982,NA,NA,NA,NA,0,0.00000000000000,0.00000000000000
3DMarkSteelNomad.exe,5756,0x1EC30998B90,DXGI,0,0,1,Hardware Composed: Independent Flip,Application,8900.21450000000004,NA,92.11360000000001,92.05370000000001,0.24050000000000,0.41130000000000,0.56330000000000,NA,92.16800000000001,91.92750000000001,0.24050000000000,1.34290000000000,90.99590000000001,3.43100000000000,87.56490000000001,0.00000000000000,-55.60440000000001,8900.21450000000004,NA,NA,NA,NA,0,0.00000000000000,0.00000000000000
3DMarkSteelNomad.exe,5756,0x1EC30998B90,DXGI,0,0,1,Hardware Composed: Independent Flip,Application,8992.38249999999971,NA,56.44400000000000,56.72450000000001,0.25710000000000,0.48540000000000,0.84380000000000,NA,56.46060000000001,56.20350000000001,0.25710000000000,20.07800000000000,36.61090000000000,2.06100000000000,34.54990000000000,0.00000000000000,35.44350000000000,8992.38249999999971,NA,NA,NA,NA,0,0.00000000000000,0.00000000000000
3DMarkSteelNomad.exe,5756,0x1EC30998B90,DXGI,0,0,1,Hardware Composed: Independent Flip,Application,9048.84310000000005,NA,42.04830000000000,41.88430000000000,0.19170000000000,0.44500000000000,0.67980000000000,NA,41.98290000000000,41.79120000000000,0.19170000000000,10.65880000000000,31.57740000000000,2.52300000000000,29.05440000000000,0.00000000000000,14.57630000000000,9048.84310000000005,NA,NA,NA,NA,0,0.00000000000000,0.00000000000000
3DMarkSteelNomad.exe,5756,0x1EC30998B90,DXGI,0,0,1,Hardware Composed: Independent Flip,Application,9090.82600000000093,NA,91.86040000000000,91.85140000000000,0.21110000000000,0.43910000000000,0.67080000000000,NA,91.87980000000000,91.66870000000000,0.21110000000000,26.56290000000000,65.54490000000000,2.85960000000000,62.68530000000000,0.00000000000000,-49.86850000000000,9090.82600000000093,NA,NA,NA,NA,0,0.00000000000000,0.00000000000000
3DMarkSteelNomad.exe,5756,0x1EC30998B90,DXGI,0,0,1,Hardware Composed: Independent Flip,Application,9182.70579999999973,NA,92.55660000000000,92.52410000000000,0.19760000000000,0.47580000000000,0.63830000000000,NA,92.54310000000000,92.34550000000000,0.19760000000000,7.39130000000000,85.43000000000001,3.89790000000000,81.53210000000000,0.00000000000000,-0.64430000000000,9182.70579999999973,NA,NA,NA,NA,0,0.00000000000000,0.00000000000000
3DMarkSteelNomad.exe,5756,0x1EC30998B90,DXGI,0,0,1,Hardware Composed: Independent Flip,Application,9275.24890000000050,NA,37.39720000000001,37.21310000000000,0.19040000000000,0.34180000000000,0.45420000000000,NA,37.39000000000000,37.19960000000000,0.19040000000000,2.71540000000000,34.82600000000000,2.85460000000000,31.97140000000000,0.00000000000000,55.33000000000001,9275.24890000000050,NA,NA,NA,NA,0,0.00000000000000,0.00000000000000
3DMarkSteelNomad.exe,5756,0x1EC30998B90,DXGI,0,0,1,Hardware Composed: Independent Flip,Application,9312.63889999999992,NA,43.68590000000000,43.71740000000000,0.19200000000000,0.36630000000000,0.48570000000000,NA,43.68750000000000,43.49550000000000,0.19200000000000,8.00350000000000,35.85830000000000,1.48350000000000,34.37480000000000,0.00000000000000,-6.32740000000000,9312.63889999999992,NA,NA,NA,NA,0,0.00000000000000,0.00000000000000
3DMarkSteelNomad.exe,5756,0x1EC30998B90,DXGI,0,0,1,Hardware Composed: Independent Flip,Application,9356.32639999999992,NA,38.80280000000000,38.84710000000000,0.19310000000000,0.35550000000000,0.53000000000000,NA,38.80390000000001,38.61080000000000,0.19310000000000,7.59920000000000,31.36710000000000,2.28580000000000,29.08130000000000,0.00000000000000,4.84040000000000,9356.32639999999992,NA,NA,NA,NA,0,0.00000000000000,0.00000000000000
3DMarkSteelNomad.exe,5756,0x1EC30998B90,DXGI,0,0,1,Hardware Composed: Independent Flip,Application,9395.13030000000072,NA,38.56880000000000,38.51750000000000,0.20690000000000,0.35160000000000,0.47870000000000,NA,38.58260000000000,38.37570000000000,0.20690000000000,7.40010000000000,31.32720000000000,2.77850000000000,28.54870000000000,0.00000000000000,0.28640000000000,9395.13030000000072,NA,NA,NA,NA,0,0.00000000000000,0.00000000000000
3DMarkSteelNomad.exe,5756,0x1EC30998B90,DXGI,0,0,1,Hardware Composed: Independent Flip,Application,9433.71290000000045,NA,89.54190000000000,89.58230000000000,0.38810000000000,0.40620000000000,0.51910000000000,NA,89.72310000000000,89.33500000000001,0.38810000000000,2.17230000000000,87.56890000000000,3.23070000000000,84.33820000000000,0.00000000000000,-50.99970000000000,9433.71290000000045,NA,NA,NA,NA,0,0.00000000000000,0.00000000000000
3DMarkSteelNomad.exe,5756,0x1EC30998B90,DXGI,0,0,1,Hardware Composed: Independent Flip,Application,9523.43599999999969,NA,37.94800000000000,37.91240000000001,0.19090000000000,0.35150000000000,0.48350000000000,NA,37.75080000000000,37.55990000000000,0.19090000000000,6.61740000000000,31.29400000000000,3.08980000000000,28.20420000000000,0.00000000000000,51.81070000000000,9523.43599999999969,NA,NA,NA,NA,0,0.00000000000000,0.00000000000000
3DMarkSteelNomad.exe,5756,0x1EC30998B90,DXGI,0,0,1,Hardware Composed: Independent Flip,Application,9561.18680000000131,NA,280.73910000000001,280.85260000000000,0.19400000000000,0.45040000000000,0.59700000000000,NA,280.74220000000003,280.54820000000001,0.19400000000000,94.87300000000000,186.12560000000002,4.77470000000000,181.35090000000002,0.00000000000000,-243.10180000000000,9561.18680000000131,NA,NA,NA,NA,0,0.00000000000000,0.00000000000000
3DMarkSteelNomad.exe,5756,0x1EC30998B90,DXGI,0,0,1,Hardware Composed: Independent Flip,Application,9841.92900000000009,NA,45.90480000000000,45.79150000000000,0.19130000000000,0.35680000000000,0.48370000000000,NA,45.90210000000000,45.71080000000000,0.19130000000000,2.47400000000000,43.59360000000000,4.09530000000000,39.49830000000000,0.00000000000000,234.95070000000004,9841.92900000000009,NA,NA,NA,NA,0,0.00000000000000,0.00000000000000
3DMarkSteelNomad.exe,5756,0x1EC30998B90,DXGI,0,0,1,Hardware Composed: Independent Flip,Application,9887.83110000000124,NA,36.07770000000000,36.10660000000000,0.19290000000000,0.35130000000000,0.51260000000000,NA,36.07930000000000,35.88640000000000,0.19290000000000,13.43000000000000,22.80770000000000,1.42210000000000,21.38560000000000,0.00000000000000,9.79550000000000,9887.83110000000124,NA,NA,NA,NA,0,0.00000000000000,0.00000000000000
3DMarkSteelNomad.exe,5756,0x1EC30998B90,DXGI,0,0,1,Hardware Composed: Independent Flip,Application,9923.91040000000066,NA,212.61900000000000,212.63990000000001,0.18820000000000,0.39710000000000,0.53350000000000,NA,212.61430000000001,212.42610000000002,0.18820000000000,7.60670000000000,205.21650000000000,4.14440000000000,201.07210000000001,0.00000000000000,-176.56060000000002,9923.91040000000066,NA,NA,NA,NA,0,0.00000000000000,0.00000000000000
3DMarkSteelNomad.exe,5756,0x1EC30998B90,DXGI,0,0,1,Hardware Composed: Independent Flip,Application,10136.52469999999994,NA,272.40289999999999,272.44650000000001,0.19610000000000,0.45180000000000,0.57710000000000,NA,272.41079999999999,272.21469999999999,0.19610000000000,6.16290000000000,266.50360000000001,5.10100000000000,261.40260000000001,0.00000000000000,-59.83220000000000,10136.52469999999994,NA,NA,NA,NA,0,0.00000000000000,0.00000000000000
3DMarkSteelNomad.exe,5756,0x1EC30998B90,DXGI,0,0,1,Hardware Composed: Independent Flip,Application,10408.93549999999959,NA,120.94440000000000,121.01840000000000,0.19750000000000,0.49160000000000,0.65110000000000,NA,120.94580000000001,120.74830000000000,0.19750000000000,7.68580000000000,113.55410000000001,3.78600000000000,109.76810000000000,0.00000000000000,151.39240000000001,10408.93549999999959,NA,NA,NA,NA,0,0.00000000000000,0.00000000000000
3DMarkSteelNomad.exe,5756,0x1EC30998B90,DXGI,0,0,1,Hardware Composed: Independent Flip,Application,10529.88130000000092,NA,33.40780000000000,33.38690000000000,0.19590000000000,0.48530000000000,0.63020000000000,NA,33.40620000000001,33.21030000000000,0.19590000000000,3.94390000000000,29.75170000000000,2.08890000000000,27.66280000000000,0.00000000000000,87.55889999999999,10529.88130000000092,NA,NA,NA,NA,0,0.00000000000000,0.00000000000000
3DMarkSteelNomad.exe,5756,0x1EC30998B90,DXGI,0,0,1,Hardware Composed: Independent Flip,Application,10563.28750000000036,NA,33.64700000000000,33.70270000000000,0.19900000000000,0.39810000000000,0.68590000000000,NA,33.65010000000000,33.45110000000000,0.19900000000000,7.91430000000000,25.93490000000000,2.86820000000000,23.06670000000000,0.00000000000000,-0.29650000000000,10563.28750000000036,NA,NA,NA,NA,0,0.00000000000000,0.00000000000000
3DMarkSteelNomad.exe,5756,0x1EC30998B90,DXGI,0,0,1,Hardware Composed: Independent Flip,Application,10596.93760000000111,NA,33.85190000000000,33.65780000000000,0.23510000000000,0.36970000000000,0.49180000000000,NA,33.88800000000001,33.65290000000000,0.23510000000000,4.75710000000000,29.26550000000000,2.66900000000000,26.59650000000000,0.00000000000000,-0.00770000000000,10596.93760000000111,NA,NA,NA,NA,0,0.00000000000000,0.00000000000000
3DMarkSteelNomad.exe,5756,0x1EC30998B90,DXGI,0,0,1,Hardware Composed: Independent Flip,Application,10630.82560000000012,NA,112.27140000000000,112.25020000000001,0.19370000000000,0.35010000000000,0.47060000000000,NA,112.23000000000002,112.03630000000001,0.19370000000000,1.11200000000000,111.27440000000000,3.30830000000000,107.96610000000000,0.00000000000000,-78.36220000000000,10630.82560000000012,NA,NA,NA,NA,0,0.00000000000000,0.00000000000000
3DMarkSteelNomad.exe,5756,0x1EC30998B90,DXGI,0,0,1,Hardware Composed: Independent Flip,Application,10743.05559999999969,NA,71.04630000000000,71.19450000000001,0.19350000000000,0.45340000000000,0.61880000000000,NA,71.04610000000001,70.85260000000001,0.19350000000000,2.43910000000000,68.86690000000000,2.26720000000000,66.59970000000000,0.00000000000000,41.03550000000000,10743.05559999999969,NA,NA,NA,NA,0,0.00000000000000,0.00000000000000
3DMarkSteelNomad.exe,5756,0x1EC30998B90,DXGI,0,0,1,Hardware Composed: Independent Flip,Application,10814.10170000000107,NA,107.13100000000000,107.13670000000000,0.19900000000000,0.46890000000000,0.62450000000000,NA,107.13650000000000,106.93750000000000,0.19900000000000,104.50540000000001,2.90100000000000,1.79930000000000,1.10170000000000,0.00000000000000,-36.09059999999999,10814.10170000000107,NA,NA,NA,NA,0,0.00000000000000,0.00000000000000
3DMarkSteelNomad.exe,5756,0x1EC30998B90,DXGI,0,0,1,Hardware Composed: Independent Flip,Application,10921.23819999999978,NA,57.18270000000000,57.16130000000000,0.22020000000000,0.46360000000000,0.60310000000000,NA,57.20390000000000,56.98370000000001,0.22020000000000,25.19240000000000,32.25490000000000,2.15450000000000,30.10040000000000,0.00000000000000,49.97519999999999,10921.23819999999978,NA,NA,NA,NA,0,0.00000000000000,0.00000000000000
3DMarkSteelNomad.exe,5756,0x1EC30998B90,DXGI,0,0,1,Hardware Composed: Independent Flip,Application,10978.44210000000021,NA,44.91730000000000,44.86080000000000,0.19250000000000,0.40860000000000,0.54660000000000,NA,44.88960000000000,44.69710000000000,0.19250000000000,1.33980000000000,43.76590000000000,2.93330000000000,40.83260000000000,0.00000000000000,12.34310000000000,10978.44210000000021,NA,NA,NA,NA,0,0.00000000000000,0.00000000000000
3DMarkSteelNomad.exe,5756,0x1EC30998B90,DXGI,0,0,1,Hardware Composed: Independent Flip,Application,11023.33170000000064,NA,44.03520000000000,44.12130000000001,0.19350000000000,0.35820000000000,0.63270000000000,NA,44.03620000000000,43.84270000000000,0.19350000000000,1.32980000000000,42.87110000000001,4.61330000000000,38.25780000000000,0.00000000000000,0.76830000000000,11023.33170000000064,NA,NA,NA,NA,0,0.00000000000000,0.00000000000000
3DMarkSteelNomad.exe,5756,0x1EC30998B90,DXGI,0,0,1,Hardware Composed: Independent Flip,Application,11067.36790000000110,NA,50.94290000000000,50.78320000000000,0.21070000000000,0.35370000000000,0.47300000000000,NA,50.96010000000000,50.74940000000000,0.21070000000000,2.05840000000000,49.04470000000000,4.26400000000000,44.78070000000000,0.00000000000000,-6.74700000000000,11067.36790000000110,NA,NA,NA,NA,0,0.00000000000000,0.00000000000000
3DMarkSteelNomad.exe,5756,0x1EC30998B90,DXGI,0,0,1,Hardware Composed: Independent Flip,Application,11118.32800000000134,NA,47.60550000000000,47.62730000000001,0.19260000000000,0.35640000000000,0.49480000000000,NA,47.58740000000000,47.39480000000000,0.19260000000000,3.46130000000000,44.28990000000000,4.16390000000000,40.12600000000000,0.00000000000000,3.33280000000000,11118.32800000000134,NA,NA,NA,NA,0,0.00000000000000,0.00000000000000
3DMarkSteelNomad.exe,5756,0x1EC30998B90,DXGI,0,0,1,Hardware Composed: Independent Flip,Application,11165.91539999999986,NA,41.09690000000001,41.07670000000000,0.20330000000000,0.36190000000000,0.47460000000000,NA,41.10760000000000,40.90430000000000,0.20330000000000,2.12580000000000,39.14040000000000,3.46600000000000,35.67440000000000,0.00000000000000,6.51070000000000,11165.91539999999986,NA,NA,NA,NA,0,0.00000000000000,0.00000000000000
3DMarkSteelNomad.exe,5756,0x1EC30998B90,DXGI,0,0,1,Hardware Composed: Independent Flip,Application,11207.02300000000105,NA,34.43570000000000,34.44390000000000,0.18650000000000,0.34420000000000,0.48280000000000,NA,34.41890000000000,34.23240000000000,0.18650000000000,6.75680000000000,27.81980000000000,3.19350000000000,24.62630000000000,0.00000000000000,6.66370000000001,11207.02300000000105,NA,NA,NA,NA,0,0.00000000000000,0.00000000000000
3DMarkSteelNomad.exe,5756,0x1EC30998B90,DXGI,0,0,1,Hardware Composed: Independent Flip,Application,11241.44189999999981,NA,43.69500000000000,43.65390000000000,0.19200000000000,0.33480000000000,0.44170000000000,NA,43.70050000000001,43.50850000000001,0.19200000000000,2.12450000000000,41.71880000000000,2.78110000000000,38.93770000000000,0.00000000000000,-9.23500000000000,11241.44189999999981,NA,NA,NA,NA,0,0.00000000000000,0.00000000000000
3DMarkSteelNomad.exe,5756,0x1EC30998B90,DXGI,0,0,1,Hardware Composed: Independent Flip,Application,11285.14240000000063,NA,46.93480000000000,46.98750000000000,0.21210000000000,0.38230000000000,0.49440000000000,NA,46.95490000000000,46.74280000000000,0.21210000000000,1.32090000000000,45.80420000000000,3.55250000000000,42.25170000000000,0.00000000000000,-3.28700000000000,11285.14240000000063,NA,NA,NA,NA,0,0.00000000000000,0.00000000000000
3DMarkSteelNomad.exe,5756,0x1EC30998B90,DXGI,0,0,1,Hardware Composed: Independent Flip,Application,11332.09730000000127,NA,35.37860000000000,35.69130000000000,0.20900000000000,0.35120000000000,0.80710000000000,NA,35.37550000000000,35.16650000000000,0.20900000000000,2.31060000000000,33.20710000000000,2.75780000000000,30.44930000000000,0.00000000000000,11.26360000000000,11332.09730000000127,NA,NA,NA,NA,0,0.00000000000000,0.00000000000000
3DMarkSteelNomad.exe,5756,0x1EC30998B90,DXGI,0,0,1,Hardware Composed: Independent Flip,Application,11367.47280000000137,NA,179.01060000000001,178.73099999999999,0.20600000000000,0.39660000000000,0.52750000000000,NA,179.00760000000000,178.80160000000001,0.20600000000000,8.25380000000000,170.94440000000000,15.63940000000000,155.30500000000001,0.00000000000000,-143.35550000000001,11367.47280000000137,NA,NA,NA,NA,0,0.00000000000000,0.00000000000000
3DMarkSteelNomad.exe,5756,0x1EC30998B90,DXGI,0,0,1,Hardware Composed: Independent Flip,Application,11546.48040000000037,NA,49.28000000000000,49.40040000000000,0.20230000000000,0.49690000000000,0.64790000000000,NA,49.27630000000001,49.07400000000001,0.20230000000000,43.84960000000000,5.72130000000000,2.22800000000000,3.49330000000000,0.00000000000000,129.60719999999998,11546.48040000000037,NA,NA,NA,NA,0,0.00000000000000,0.00000000000000
3DMarkSteelNomad.exe,5756,0x1EC30998B90,DXGI,0,0,1,Hardware Composed: Independent Flip,Application,11595.75669999999991,NA,33.56500000000000,33.60460000000000,0.25340000000000,0.52480000000000,0.68750000000000,NA,33.61610000000000,33.36270000000000,0.25340000000000,9.68370000000000,24.20380000000000,1.41080000000000,22.79300000000000,0.00000000000000,15.67169999999999,11595.75669999999991,NA,NA,NA,NA,0,0.00000000000000,0.00000000000000
3DMarkSteelNomad.exe,5756,0x1EC30998B90,DXGI,0,0,1,Hardware Composed: Independent Flip,Application,11629.37280000000101,NA,33.33850000000000,33.30760000000000,0.24310000000000,0.52180000000000,0.65660000000000,NA,33.32820000000000,33.08510000000000,0.24310000000000,4.47110000000000,29.13580000000000,1.04050000000000,28.09530000000000,0.00000000000000,0.30850000000000,11629.37280000000101,NA,NA,NA,NA,0,0.00000000000000,0.00000000000000
3DMarkSteelNomad.exe,5756,0x1EC30998B90,DXGI,0,0,1,Hardware Composed: Independent Flip,Application,11662.70100000000093,NA,33.56430000000000,33.54180000000000,0.27150000000000,0.48430000000000,0.63410000000000,NA,33.59270000000001,33.32120000000000,0.27150000000000,33.32200000000000,0.48350000000000,0.48350000000000,0.00000000000000,0.00000000000000,-0.21360000000000,11662.70100000000093,NA,NA,NA,NA,0,0.00000000000000,0.00000000000000
3DMarkSteelNomad.exe,5756,0x1EC30998B90,DXGI,0,0,1,Hardware Composed: Independent Flip,Application,11696.29370000000017,NA,37.15410000000000,37.09620000000000,0.20880000000000,0.40610000000000,0.57620000000000,NA,37.09140000000000,36.88260000000000,0.20880000000000,36.87680000000000,0.41190000000000,0.41190000000000,0.00000000000000,0.00000000000000,-3.50350000000000,11696.29370000000017,NA,NA,NA,NA,0,0.00000000000000,0.00000000000000
3DMarkSteelNomad.exe,5756,0x1EC30998B90,DXGI,0,0,1,Hardware Composed: Independent Flip,Application,11733.38510000000133,NA,33.49250000000000,33.54620000000000,0.23180000000000,0.47640000000000,0.62990000000000,NA,33.51550000000000,33.28370000000000,0.23180000000000,33.27900000000000,0.48110000000000,0.48110000000000,0.00000000000000,0.00000000000000,3.54520000000000,11733.38510000000133,NA,NA,NA,NA,0,0.00000000000000,0.00000000000000
3DMarkSteelNomad.exe,5756,0x1EC30998B90,DXGI,0,0,1,Hardware Composed: Independent Flip,Application,11766.90060000000085,NA,38.70160000000000,38.74020000000000,0.24400000000000,0.54080000000000,0.66850000000000,NA,38.71380000000000,38.46980000000000,0.24400000000000,38.52740000000000,0.48320000000000,0.48320000000000,0.00000000000000,0.00000000000000,-5.22470000000000,11766.90060000000085,NA,NA,NA,NA,0,0.00000000000000,0.00000000000000
3DMarkSteelNomad.exe,5756,0x1EC30998B90,DXGI,0,0,1,Hardware Composed: Independent Flip,Application,11805.61440000000039,NA,33.45720000000000,33.46350000000000,0.24450000000000,0.53520000000000,0.67480000000000,NA,33.45770000000000,33.21320000000000,0.24450000000000,33.27710000000000,0.47130000000000,0.47130000000000,0.00000000000000,0.00000000000000,5.25030000000000,11805.61440000000039,NA,NA,NA,NA,0,0.00000000000000,0.00000000000000
3DMarkSteelNomad.exe,5756,0x1EC30998B90,DXGI,0,0,1,Hardware Composed: Independent Flip,Application,11839.07210000000123,NA,43.83030000000000,43.82120000000000,0.24470000000000,0.52360000000000,0.66570000000000,NA,43.83050000000000,43.58580000000000,0.24470000000000,43.64020000000000,0.46920000000000,0.46920000000000,0.00000000000000,0.00000000000000,-10.36350000000000,11839.07210000000123,NA,NA,NA,NA,0,0.00000000000000,0.00000000000000
3DMarkSteelNomad.exe,5756,0x1EC30998B90,DXGI,0,0,1,Hardware Composed: Independent Flip,Application,11882.90260000000126,NA,33.35870000000000,33.39280000000000,0.23080000000000,0.55010000000000,0.69980000000000,NA,33.34480000000001,33.11400000000000,0.23080000000000,33.18670000000000,0.47740000000000,0.47740000000000,0.00000000000000,0.00000000000000,10.43770000000000,11882.90260000000126,NA,NA,NA,NA,0,0.00000000000000,0.00000000000000
3DMarkSteelNomad.exe,5756,0x1EC30998B90,DXGI,0,0,1,Hardware Composed: Independent Flip,Application,11916.24740000000020,NA,33.64340000000000,33.63700000000000,0.22970000000000,0.52260000000000,0.69340000000000,NA,33.64230000000001,33.41260000000000,0.22970000000000,33.46270000000000,0.47250000000000,0.47250000000000,0.00000000000000,0.00000000000000,-0.29220000000000,11916.24740000000020,NA,NA,NA,NA,0,0.00000000000000,0.00000000000000
3DMarkSteelNomad.exe,5756,0x1EC30998B90,DXGI,0,0,1,Hardware Composed: Independent Flip,Application,11949.88969999999972,NA,33.62770000000000,33.53470000000000,0.21290000000000,0.47610000000000,0.60040000000000,NA,33.61090000000000,33.39800000000000,0.21290000000000,33.40090000000000,0.47320000000000,0.47320000000000,0.00000000000000,0.00000000000000,0.10760000000000,11949.88969999999972,NA,NA,NA,NA,0,0.00000000000000,0.00000000000000
3DMarkSteelNomad.exe,5756,0x1EC30998B90,DXGI,0,0,1,Hardware Composed: Independent Flip,Application,11983.50060000000121,NA,108.90820000000001,108.83760000000001,0.21050000000000,0.41010000000000,0.52980000000000,NA,108.90580000000000,108.69530000000000,0.21050000000000,62.90140000000000,46.20400000000000,3.00710000000000,43.19690000000000,0.00000000000000,-75.22670000000001,11983.50060000000121,NA,NA,NA,NA,0,0.00000000000000,0.00000000000000
3DMarkSteelNomad.exe,5756,0x1EC30998B90,DXGI,0,0,1,Hardware Composed: Independent Flip,Application,12092.40639999999985,NA,33.62350000000000,33.85940000000000,0.22450000000000,0.53790000000000,0.76570000000000,NA,33.63750000000000,33.41300000000000,0.22450000000000,33.48820000000000,0.46270000000000,0.46270000000000,0.00000000000000,0.00000000000000,75.04640000000001,12092.40639999999985,NA,NA,NA,NA,0,0.00000000000000,0.00000000000000
3DMarkSteelNomad.exe,5756,0x1EC30998B90,DXGI,0,0,1,Hardware Composed: Independent Flip,Application,12126.04390000000058,NA,33.59370000000000,33.49980000000000,0.24270000000000,0.53510000000000,0.67180000000000,NA,33.61190000000000,33.36920000000000,0.24270000000000,33.43370000000000,0.47060000000000,0.47060000000000,0.00000000000000,0.00000000000000,0.13770000000000,12126.04390000000058,NA,NA,NA,NA,0,0.00000000000000,0.00000000000000
3DMarkSteelNomad.exe,5756,0x1EC30998B90,DXGI,0,0,1,Hardware Composed: Independent Flip,Application,12159.65580000000045,NA,33.43190000000000,33.45830000000000,0.24340000000000,0.53480000000000,0.69820000000000,NA,33.43260000000000,33.18920000000000,0.24340000000000,33.25140000000000,0.47260000000000,0.47260000000000,0.00000000000000,0.00000000000000,0.15360000000000,12159.65580000000045,NA,NA,NA,NA,0,0.00000000000000,0.00000000000000
3DMarkSteelNomad.exe,5756,0x1EC30998B90,DXGI,0,0,1,Hardware Composed: Independent Flip,Application,12193.08840000000055,NA,33.56530000000000,33.54360000000000,0.21920000000000,0.52670000000000,0.67650000000000,NA,33.54110000000000,33.32190000000000,0.21920000000000,33.38540000000000,0.46320000000000,0.46320000000000,0.00000000000000,0.00000000000000,-0.11100000000000,12193.08840000000055,NA,NA,NA,NA,0,0.00000000000000,0.00000000000000
3DMarkSteelNomad.exe,5756,0x1EC30998B90,DXGI,0,0,1,Hardware Composed: Independent Flip,Application,12226.62950000000092,NA,35.84710000000000,35.85010000000000,0.31830000000000,0.50940000000000,0.67950000000000,NA,35.94620000000000,35.62790000000000,0.31830000000000,35.69750000000001,0.43980000000000,0.43980000000000,0.00000000000000,0.00000000000000,-2.30900000000000,12226.62950000000092,NA,NA,NA,NA,0,0.00000000000000,0.00000000000000
3DMarkSteelNomad.exe,5756,0x1EC30998B90,DXGI,0,0,1,Hardware Composed: Independent Flip,Application,12262.57570000000123,NA,33.52870000000000,33.52960000000000,0.22230000000000,0.54530000000000,0.68040000000000,NA,33.43270000000000,33.21040000000000,0.22230000000000,33.27100000000000,0.48470000000000,0.48470000000000,0.00000000000000,0.00000000000000,2.41660000000000,12262.57570000000123,NA,NA,NA,NA,0,0.00000000000000,0.00000000000000
3DMarkSteelNomad.exe,5756,0x1EC30998B90,DXGI,0,0,1,Hardware Composed: Independent Flip,Application,12296.00840000000062,NA,33.33440000000000,33.27080000000000,0.20780000000000,0.49860000000000,0.61680000000000,NA,33.31990000000000,33.11210000000000,0.20780000000000,33.14530000000000,0.46540000000000,0.46540000000000,0.00000000000000,0.00000000000000,0.16190000000000,12296.00840000000062,NA,NA,NA,NA,0,0.00000000000000,0.00000000000000
3DMarkSteelNomad.exe,5756,0x1EC30998B90,DXGI,0,0,1,Hardware Composed: Independent Flip,Application,12329.32830000000104,NA,33.31570000000000,33.36390000000000,0.20980000000000,0.52990000000000,0.66500000000000,NA,33.31770000000000,33.10790000000000,0.20980000000000,33.16970000000000,0.46810000000000,0.46810000000000,0.00000000000000,0.00000000000000,-0.04400000000000,12329.32830000000104,NA,NA,NA,NA,0,0.00000000000000,0.00000000000000
3DMarkSteelNomad.exe,5756,0x1EC30998B90,DXGI,0,0,1,Hardware Composed: Independent Flip,Application,12362.64600000000064,NA,34.08770000000000,34.05770000000000,0.24130000000000,0.49230000000000,0.63500000000000,NA,34.11920000000001,33.87790000000000,0.24130000000000,33.88510000000000,0.48510000000000,0.48510000000000,0.00000000000000,0.00000000000000,-0.74000000000000,12362.64600000000064,NA,NA,NA,NA,0,0.00000000000000,0.00000000000000
3DMarkSteelNomad.exe,5756,0x1EC30998B90,DXGI,0,0,1,Hardware Composed: Independent Flip,Application,12396.76519999999982,NA,33.75610000000000,33.79650000000000,0.20920000000000,0.52420000000000,0.67540000000000,NA,33.72400000000000,33.51480000000000,0.20920000000000,33.57850000000000,0.46050000000000,0.46050000000000,0.00000000000000,0.00000000000000,0.32270000000000,12396.76519999999982,NA,NA,NA,NA,0,0.00000000000000,0.00000000000000
3DMarkSteelNomad.exe,5756,0x1EC30998B90,DXGI,0,0,1,Hardware Composed: Independent Flip,Application,12430.48919999999998,NA,33.87640000000000,33.96520000000000,0.23450000000000,0.52670000000000,0.76420000000000,NA,33.90170000000000,33.66720000000000,0.23450000000000,33.72810000000000,0.46580000000000,0.46580000000000,0.00000000000000,0.00000000000000,-0.24120000000000,12430.48919999999998,NA,NA,NA,NA,0,0.00000000000000,0.00000000000000
3DMarkSteelNomad.exe,5756,0x1EC30998B90,DXGI,0,0,1,Hardware Composed: Independent Flip,Application,12464.39090000000033,NA,33.48460000000000,33.38620000000000,0.24220000000000,0.52540000000000,0.66580000000000,NA,33.49230000000000,33.25010000000000,0.24220000000000,33.30730000000001,0.46820000000000,0.46820000000000,0.00000000000000,0.00000000000000,0.51550000000000,12464.39090000000033,NA,NA,NA,NA,0,0.00000000000000,0.00000000000000
3DMarkSteelNomad.exe,5756,0x1EC30998B90,DXGI,0,0,1,Hardware Composed: Independent Flip,Application,12497.88320000000022,NA,33.53980000000000,33.54070000000000,0.21250000000000,0.53730000000000,0.66670000000000,NA,33.51010000000000,33.29760000000000,0.21250000000000,33.35830000000000,0.47660000000000,0.47660000000000,0.00000000000000,0.00000000000000,-0.04840000000000,12497.88320000000022,NA,NA,NA,NA,0,0.00000000000000,0.00000000000000
3DMarkSteelNomad.exe,5756,0x1EC30998B90,DXGI,0,0,1,Hardware Composed: Independent Flip,Application,12531.39329999999973,NA,33.45910000000000,33.50970000000000,0.25910000000000,0.47820000000000,0.71730000000000,NA,33.50570000000000,33.24660000000000,0.25910000000000,33.24520000000000,0.47960000000000,0.47960000000000,0.00000000000000,0.00000000000000,0.00040000000000,12531.39329999999973,NA,NA,NA,NA,0,0.00000000000000,0.00000000000000
3DMarkSteelNomad.exe,5756,0x1EC30998B90,DXGI,0,0,1,Hardware Composed: Independent Flip,Application,12564.89900000000125,NA,33.34740000000000,33.40650000000000,0.22080000000000,0.53470000000000,0.77640000000000,NA,33.30910000000000,33.08830000000000,0.22080000000000,33.16010000000000,0.46290000000000,0.46290000000000,0.00000000000000,0.00000000000000,0.09920000000000,12564.89900000000125,NA,NA,NA,NA,0,0.00000000000000,0.00000000000000
3DMarkSteelNomad.exe,5756,0x1EC30998B90,DXGI,0,0,1,Hardware Composed: Independent Flip,Application,12598.20809999999983,NA,33.40350000000000,33.31450000000000,0.21830000000000,0.52210000000000,0.68740000000000,NA,33.40100000000000,33.18270000000000,0.21830000000000,33.24070000000000,0.46410000000000,0.46410000000000,0.00000000000000,0.00000000000000,-0.00540000000000,12598.20809999999983,NA,NA,NA,NA,0,0.00000000000000,0.00000000000000
3DMarkSteelNomad.exe,5756,0x1EC30998B90,DXGI,0,0,1,Hardware Composed: Independent Flip,Application,12631.60910000000149,NA,33.39730000000000,33.40950000000000,0.20390000000000,0.54080000000000,0.69960000000000,NA,33.38290000000000,33.17900000000000,0.20390000000000,33.23900000000000,0.48080000000000,0.48080000000000,0.00000000000000,0.00000000000000,-0.00850000000000,12631.60910000000149,NA,NA,NA,NA,0,0.00000000000000,0.00000000000000
3DMarkSteelNomad.exe,5756,0x1EC30998B90,DXGI,0,0,1,Hardware Composed: Independent Flip,Application,12664.99200000000019,NA,33.64460000000000,33.63000000000000,0.21690000000000,0.53420000000000,0.68500000000000,NA,33.65760000000000,33.44070000000000,0.21690000000000,33.50970000000000,0.46520000000000,0.46520000000000,0.00000000000000,0.00000000000000,-0.24710000000000,12664.99200000000019,NA,NA,NA,NA,0,0.00000000000000,0.00000000000000
3DMarkSteelNomad.exe,5756,0x1EC30998B90,DXGI,0,0,1,Hardware Composed: Independent Flip,Application,12698.64960000000065,NA,33.67290000000000,33.64490000000000,0.21450000000000,0.53730000000000,0.65700000000000,NA,33.67050000000000,33.45600000000000,0.21450000000000,33.52140000000000,0.47190000000000,0.47190000000000,0.00000000000000,0.00000000000000,0.01270000000000,12698.64960000000065,NA,NA,NA,NA,0,0.00000000000000,0.00000000000000
3DMarkSteelNomad.exe,5756,0x1EC30998B90,DXGI,0,0,1,Hardware Composed: Independent Flip,Application,12732.32010000000082,NA,33.62130000000001,33.61670000000000,0.21860000000000,0.51330000000000,0.65240000000000,NA,33.62540000000001,33.40680000000000,0.21860000000000,33.45580000000000,0.46430000000000,0.46430000000000,0.00000000000000,0.00000000000000,0.05380000000000,12732.32010000000082,NA,NA,NA,NA,0,0.00000000000000,0.00000000000000
3DMarkSteelNomad.exe,5756,0x1EC30998B90,DXGI,0,0,1,Hardware Composed: Independent Flip,Application,12765.94549999999981,NA,33.33920000000000,33.35460000000000,0.21000000000000,0.53670000000000,0.66780000000000,NA,33.33060000000000,33.12060000000000,0.21000000000000,33.18500000000000,0.47230000000000,0.47230000000000,0.00000000000000,0.00000000000000,0.27079999999999,12765.94549999999981,NA,NA,NA,NA,0,0.00000000000000,0.00000000000000
3DMarkSteelNomad.exe,5756,0x1EC30998B90,DXGI,0,0,1,Hardware Composed: Independent Flip,Application,12799.27610000000095,NA,34.41900000000000,34.40780000000000,0.21570000000000,0.52860000000000,0.65660000000000,NA,34.42470000000000,34.20900000000000,0.21570000000000,34.27400000000000,0.46360000000000,0.46360000000000,0.00000000000000,0.00000000000000,-1.07720000000000,12799.27610000000095,NA,NA,NA,NA,0,0.00000000000000,0.00000000000000
3DMarkSteelNomad.exe,5756,0x1EC30998B90,DXGI,0,0,1,Hardware Composed: Independent Flip,Application,12833.70080000000053,NA,33.56710000000000,33.64440000000000,0.29520000000000,0.58540000000000,0.73390000000000,NA,33.64660000000000,33.35140000000000,0.29520000000000,33.46410000000000,0.47270000000000,0.47270000000000,0.00000000000000,0.00000000000000,0.78030000000000,12833.70080000000053,NA,NA,NA,NA,0,0.00000000000000,0.00000000000000
3DMarkSteelNomad.exe,5756,0x1EC30998B90,DXGI,0,0,1,Hardware Composed: Independent Flip,Application,12867.34740000000056,NA,33.26990000000000,33.18400000000000,0.21300000000000,0.52730000000000,0.64800000000000,NA,33.18770000000000,32.97470000000000,0.21300000000000,33.03200000000000,0.47000000000000,0.47000000000000,0.00000000000000,0.00000000000000,0.46259999999999,12867.34740000000056,NA,NA,NA,NA,0,0.00000000000000,0.00000000000000
3DMarkSteelNomad.exe,5756,0x1EC30998B90,DXGI,0,0,1,Hardware Composed: Independent Flip,Application,12900.53510000000097,NA,33.42330000000000,33.47700000000000,0.22810000000000,0.55030000000000,0.70170000000000,NA,33.43840000000000,33.21030000000000,0.22810000000000,33.29270000000000,0.46790000000000,0.46790000000000,0.00000000000000,0.00000000000000,-0.28930000000000,12900.53510000000097,NA,NA,NA,NA,0,0.00000000000000,0.00000000000000
3DMarkSteelNomad.exe,5756,0x1EC30998B90,DXGI,0,0,1,Hardware Composed: Independent Flip,Application,12933.97350000000006,NA,33.52100000000000,33.51160000000000,0.21640000000000,0.55600000000000,0.69230000000000,NA,33.50930000000000,33.29290000000000,0.21640000000000,33.35740000000000,0.49150000000000,0.49150000000000,0.00000000000000,0.00000000000000,-0.07320000000000,12933.97350000000006,NA,NA,NA,NA,0,0.00000000000000,0.00000000000000
3DMarkSteelNomad.exe,5756,0x1EC30998B90,DXGI,0,0,1,Hardware Composed: Independent Flip,Application,12967.48279999999977,NA,33.56110000000000,33.64980000000000,0.24240000000000,0.53710000000000,0.78100000000000,NA,33.58710000000001,33.34470000000000,0.24240000000000,33.40480000000000,0.47700000000000,0.47700000000000,0.00000000000000,0.00000000000000,-0.14050000000000,12967.48279999999977,NA,NA,NA,NA,0,0.00000000000000,0.00000000000000
3DMarkSteelNomad.exe,5756,0x1EC30998B90,DXGI,0,0,1,Hardware Composed: Independent Flip,Application,13001.06990000000042,NA,33.93390000000000,33.87230000000000,0.26100000000000,0.55910000000000,0.71940000000000,NA,33.95250000000001,33.69150000000000,0.26100000000000,33.76140000000000,0.48920000000000,0.48920000000000,0.00000000000000,0.00000000000000,-0.28520000000000,13001.06990000000042,NA,NA,NA,NA,0,0.00000000000000,0.00000000000000
3DMarkSteelNomad.exe,5756,0x1EC30998B90,DXGI,0,0,1,Hardware Composed: Independent Flip,Application,13035.02239999999983,NA,34.38250000000000,34.36510000000000,0.21980000000000,0.47450000000000,0.70200000000000,NA,34.34130000000000,34.12150000000000,0.21980000000000,34.12570000000000,0.47030000000000,0.47030000000000,0.00000000000000,0.00000000000000,-0.41260000000000,13035.02239999999983,NA,NA,NA,NA,0,0.00000000000000,0.00000000000000
3DMarkSteelNomad.exe,5756,0x1EC30998B90,DXGI,0,0,1,Hardware Composed: Independent Flip,Application,13069.36369999999988,NA,34.15060000000000,34.11540000000000,0.22760000000000,0.53970000000000,0.66680000000000,NA,34.15840000000001,33.93080000000000,0.22760000000000,33.99590000000000,0.47460000000000,0.47460000000000,0.00000000000000,0.00000000000000,0.22590000000000,13069.36369999999988,NA,NA,NA,NA,0,0.00000000000000,0.00000000000000
3DMarkSteelNomad.exe,5756,0x1EC30998B90,DXGI,0,0,1,Hardware Composed: Independent Flip,Application,13103.52210000000014,NA,33.46740000000000,33.44700000000000,0.24340000000000,0.52260000000000,0.64640000000000,NA,33.48320000000000,33.23980000000000,0.24340000000000,33.30110000000000,0.46130000000000,0.46130000000000,0.00000000000000,0.00000000000000,0.71140000000000,13103.52210000000014,NA,NA,NA,NA,0,0.00000000000000,0.00000000000000
3DMarkSteelNomad.exe,5756,0x1EC30998B90,DXGI,0,0,1,Hardware Composed: Independent Flip,Application,13137.00530000000072,NA,33.71620000000000,33.72670000000000,0.19630000000000,0.52790000000000,0.65690000000000,NA,33.66910000000000,33.47280000000000,0.19630000000000,33.52730000000000,0.47340000000000,0.47340000000000,0.00000000000000,0.00000000000000,-0.24350000000000,13137.00530000000072,NA,NA,NA,NA,0,0.00000000000000,0.00000000000000
3DMarkSteelNomad.exe,5756,0x1EC30998B90,DXGI,0,0,1,Hardware Composed: Independent Flip,Application,13170.67439999999988,NA,35.28840000000000,35.24620000000000,0.23590000000000,0.47390000000000,0.61470000000000,NA,35.32800000000000,35.09210000000000,0.23590000000000,35.09360000000000,0.47240000000000,0.47240000000000,0.00000000000000,0.00000000000000,-1.57710000000000,13170.67439999999988,NA,NA,NA,NA,0,0.00000000000000,0.00000000000000
3DMarkSteelNomad.exe,5756,0x1EC30998B90,DXGI,0,0,1,Hardware Composed: Independent Flip,Application,13206.00240000000122,NA,33.75920000000000,33.81630000000000,0.19990000000000,0.51810000000000,0.67180000000000,NA,33.72320000000000,33.52330000000000,0.19990000000000,33.57590000000000,0.46550000000000,0.46550000000000,0.00000000000000,0.00000000000000,1.51170000000000,13206.00240000000122,NA,NA,NA,NA,0,0.00000000000000,0.00000000000000
3DMarkSteelNomad.exe,5756,0x1EC30998B90,DXGI,0,0,1,Hardware Composed: Independent Flip,Application,13239.72559999999976,NA,33.57980000000000,33.55770000000000,0.22500000000000,0.51010000000000,0.64970000000000,NA,33.60490000000000,33.37990000000000,0.22500000000000,33.41040000000000,0.47960000000000,0.47960000000000,0.00000000000000,0.00000000000000,0.16549999999999,13239.72559999999976,NA,NA,NA,NA,0,0.00000000000000,0.00000000000000
3DMarkSteelNomad.exe,5756,0x1EC30998B90,DXGI,0,0,1,Hardware Composed: Independent Flip,Application,13273.33050000000003,NA,33.64320000000000,33.64610000000000,0.22360000000000,0.52250000000000,0.65260000000000,NA,33.64180000000000,33.41820000000000,0.22360000000000,33.47010000000000,0.47060000000000,0.47060000000000,0.00000000000000,0.00000000000000,-0.04120000000000,13273.33050000000003,NA,NA,NA,NA,0,0.00000000000000,0.00000000000000
3DMarkSteelNomad.exe,5756,0x1EC30998B90,DXGI,0,0,1,Hardware Composed: Independent Flip,Application,13306.97230000000127,NA,40.38890000000000,40.51250000000000,0.26700000000000,0.52950000000000,0.77620000000000,NA,40.43230000000001,40.16530000000000,0.26700000000000,40.20360000000000,0.49120000000000,0.49120000000000,0.00000000000000,0.00000000000000,-6.87070000000000,13306.97230000000127,NA,NA,NA,NA,0,0.00000000000000,0.00000000000000
3DMarkSteelNomad.exe,5756,0x1EC30998B90,DXGI,0,0,1,Hardware Composed: Independent Flip,Application,13347.40459999999985,NA,33.87520000000000,33.78120000000000,0.24880000000000,0.54330000000000,0.68220000000000,NA,33.85700000000001,33.60820000000000,0.24880000000000,33.65820000000000,0.49330000000000,0.49330000000000,0.00000000000000,0.00000000000000,6.65110000000001,13347.40459999999985,NA,NA,NA,NA,0,0.00000000000000,0.00000000000000
3DMarkSteelNomad.exe,5756,0x1EC30998B90,DXGI,0,0,1,Hardware Composed: Independent Flip,Application,13381.26159999999982,NA,35.14920000000000,35.49020000000000,0.25050000000000,0.55320000000000,1.02320000000000,NA,35.15090000000001,34.90040000000000,0.25050000000000,34.96510000000000,0.48850000000000,0.48850000000000,0.00000000000000,0.00000000000000,-1.63320000000000,13381.26159999999982,NA,NA,NA,NA,0,0.00000000000000,0.00000000000000
3DMarkSteelNomad.exe,5756,0x1EC30998B90,DXGI,0,0,1,Hardware Composed: Independent Flip,Application,13416.41250000000036,NA,33.44250000000000,33.10240000000000,0.28010000000000,0.51230000000000,0.68310000000000,NA,33.47210000000000,33.19200000000000,0.28010000000000,33.26850000000000,0.43580000000000,0.43580000000000,0.00000000000000,0.00000000000000,2.04850000000000,13416.41250000000036,NA,NA,NA,NA,0,0.00000000000000,0.00000000000000
3DMarkSteelNomad.exe,5756,0x1EC30998B90,DXGI,0,0,1,Hardware Composed: Independent Flip,Application,13449.88460000000123,NA,33.28670000000000,33.25460000000000,0.24160000000000,0.47080000000000,0.65100000000000,NA,33.24820000000000,33.00660000000000,0.24160000000000,33.05220000000000,0.42520000000000,0.42520000000000,0.00000000000000,0.00000000000000,0.21750000000000,13449.88460000000123,NA,NA,NA,NA,0,0.00000000000000,0.00000000000000
3DMarkSteelNomad.exe,5756,0x1EC30998B90,DXGI,0,0,1,Hardware Composed: Independent Flip,Application,13483.13280000000123,NA,34.16010000000000,34.12920000000000,0.23630000000000,0.43880000000000,0.62010000000000,NA,34.15480000000000,33.91850000000000,0.23630000000000,33.91650000000000,0.44080000000000,0.44080000000000,0.00000000000000,0.00000000000000,-0.88100000000000,13483.13280000000123,NA,NA,NA,NA,0,0.00000000000000,0.00000000000000
3DMarkSteelNomad.exe,5756,0x1EC30998B90,DXGI,0,0,1,Hardware Composed: Independent Flip,Application,13517.28760000000148,NA,35.60800000000000,35.71330000000000,0.65060000000000,0.47680000000000,0.72540000000000,NA,36.02230000000000,35.37170000000000,0.65060000000000,35.41600000000000,0.43250000000000,0.43250000000000,0.00000000000000,0.00000000000000,-1.55850000000000,13517.28760000000148,NA,NA,NA,NA,0,0.00000000000000,0.00000000000000
3DMarkSteelNomad.exe,5756,0x1EC30998B90,DXGI,0,0,1,Hardware Composed: Independent Flip,Application,13553.30990000000020,NA,33.63090000000000,33.52790000000000,0.37050000000000,0.43390000000000,0.62240000000000,NA,33.35080000000000,32.98030000000000,0.37050000000000,32.98780000000000,0.42640000000000,0.42640000000000,0.00000000000000,0.00000000000000,2.49440000000000,13553.30990000000020,NA,NA,NA,NA,0,0.00000000000000,0.00000000000000
3DMarkSteelNomad.exe,5756,0x1EC30998B90,DXGI,0,0,1,Hardware Composed: Independent Flip,Application,13586.66070000000036,NA,34.20820000000001,34.18040000000000,0.23660000000000,0.44280000000000,0.59460000000000,NA,34.07430000000000,33.83770000000000,0.23660000000000,33.82480000000000,0.45570000000000,0.45570000000000,0.00000000000000,0.00000000000000,-0.82960000000000,13586.66070000000036,NA,NA,NA,NA,0,0.00000000000000,0.00000000000000
3DMarkSteelNomad.exe,5756,0x1EC30998B90,DXGI,0,0,1,Hardware Composed: Independent Flip,Application,13620.73500000000058,NA,33.59510000000000,33.62960000000000,0.23530000000000,0.44360000000000,0.62910000000000,NA,33.59380000000000,33.35850000000000,0.23530000000000,33.36950000000000,0.43260000000000,0.43260000000000,0.00000000000000,0.00000000000000,0.44470000000000,13620.73500000000058,NA,NA,NA,NA,0,0.00000000000000,0.00000000000000
3DMarkSteelNomad.exe,5756,0x1EC30998B90,DXGI,0,0,1,Hardware Composed: Independent Flip,Application,13654.32880000000114,NA,33.29950000000000,33.26370000000000,0.25610000000000,0.43650000000000,0.59330000000000,NA,33.32030000000000,33.06420000000000,0.25610000000000,33.06610000000000,0.43460000000000,0.43460000000000,0.00000000000000,0.00000000000000,0.33010000000000,13654.32880000000114,NA,NA,NA,NA,0,0.00000000000000,0.00000000000000
3DMarkSteelNomad.exe,5756,0x1EC30998B90,DXGI,0,0,1,Hardware Composed: Independent Flip,Application,13687.64910000000054,NA,33.41300000000000,33.37350000000000,0.23250000000000,0.41250000000000,0.55380000000000,NA,33.38940000000000,33.15690000000000,0.23250000000000,33.13860000000000,0.43080000000000,0.43080000000000,0.00000000000000,0.00000000000000,-0.05320000000000,13687.64910000000054,NA,NA,NA,NA,0,0.00000000000000,0.00000000000000
3DMarkSteelNomad.exe,5756,0x1EC30998B90,DXGI,0,0,1,Hardware Composed: Independent Flip,Application,13721.03850000000057,NA,33.38550000000000,33.49230000000000,0.23020000000000,0.46900000000000,0.66060000000000,NA,33.38320000000000,33.15300000000000,0.23020000000000,19.66340000000000,13.95860000000000,1.22020000000000,12.73840000000000,0.00000000000000,-0.10290000000000,13721.03850000000057,NA,NA,NA,NA,0,0.00000000000000,0.00000000000000
3DMarkSteelNomad.exe,5756,0x1EC30998B90,DXGI,0,0,1,Hardware Composed: Independent Flip,Application,13754.42170000000078,NA,117.94970000000001,117.79100000000001,0.22710000000000,0.35820000000000,0.50190000000000,NA,117.94660000000000,117.71950000000001,0.22710000000000,98.04630000000000,20.03140000000000,7.23630000000000,12.79510000000000,0.00000000000000,-84.40780000000001,13754.42170000000078,NA,NA,NA,NA,0,0.00000000000000,0.00000000000000
3DMarkSteelNomad.exe,5756,0x1EC30998B90,DXGI,0,0,1,Hardware Composed: Independent Flip,Application,13872.36830000000009,NA,52.33390000000000,52.41330000000000,0.27480000000000,0.43150000000000,0.58130000000000,NA,52.38160000000000,52.10680000000000,0.27480000000000,7.46800000000000,45.07030000000000,6.10530000000000,38.96500000000000,0.00000000000000,65.53330000000000,13872.36830000000009,NA,NA,NA,NA,2,0.31910000000000,0.60833326978656
3DMarkSteelNomad.exe,5756,0x1EC30998B90,DXGI,0,0,1,Hardware Composed: Independent Flip,Application,13924.74990000000071,NA,138.74950000000001,138.77100000000002,0.29170000000000,0.39090000000000,0.60280000000000,NA,138.76640000000000,138.47470000000001,0.29170000000000,61.26470000000000,77.60090000000001,1.20260000000000,76.39830000000001,0.00000000000000,-86.38940000000001,13924.74990000000071,NA,NA,NA,NA,32,8.12500000000000,5.85795416448270
3DMarkSteelNomad.exe,5756,0x1EC30998B90,DXGI,0,0,1,Hardware Composed: Independent Flip,Application,14063.51630000000114,NA,49.21070000000000,49.14290000000000,0.38610000000000,0.34860000000000,0.53500000000000,NA,49.30510000000000,48.91900000000000,0.38610000000000,48.86670000000000,0.40090000000000,0.40090000000000,0.00000000000000,0.00000000000000,89.62350000000001,14063.51630000000114,NA,NA,NA,NA,32,12.52340000000000,25.45913616939960
3DMarkSteelNomad.exe,5756,0x1EC30998B90,DXGI,0,0,1,Hardware Composed: Independent Flip,Application,14112.82140000000072,NA,53.58610000000000,53.88320000000000,0.21260000000000,0.59740000000000,0.83210000000000,NA,53.41260000000000,53.20000000000000,0.21260000000000,18.10970000000000,35.68770000000000,0.93120000000000,34.75650000000000,0.00000000000000,-4.57810000000000,14112.82140000000072,NA,NA,NA,NA,66,9.64840000000000,17.92426716602853
3DMarkSteelNomad.exe,5756,0x1EC30998B90,DXGI,0,0,1,Hardware Composed: Independent Flip,Application,14166.23400000000038,NA,33.50160000000000,33.34860000000000,0.32970000000000,0.46740000000000,0.67910000000000,NA,33.61870000000000,33.28900000000000,0.32970000000000,33.30250000000000,0.45390000000000,0.45390000000000,0.00000000000000,0.00000000000000,20.06400000000000,14166.23400000000038,NA,NA,NA,NA,20,5.96840000000000,17.88214990876760
3DMarkSteelNomad.exe,5756,0x1EC30998B90,DXGI,0,0,1,Hardware Composed: Independent Flip,Application,14199.85270000000128,NA,41.71550000000000,41.66730000000000,0.21440000000000,0.44660000000000,0.63090000000000,NA,41.60020000000000,41.38580000000000,0.21440000000000,11.31780000000000,30.51460000000000,1.27560000000000,29.23900000000000,0.00000000000000,-8.04860000000000,14199.85270000000128,NA,NA,NA,NA,45,9.11020000000000,21.85937365031529
3DMarkSteelNomad.exe,5756,0x1EC30998B90,DXGI,0,0,1,Hardware Composed: Independent Flip,Application,14241.45290000000023,NA,73.16280000000000,73.26080000000000,0.28160000000000,0.47710000000000,0.72890000000000,NA,73.23000000000000,72.94840000000001,0.28160000000000,18.18100000000000,55.24450000000000,3.51200000000000,51.73250000000000,0.00000000000000,-31.66060000000000,14241.45290000000023,NA,NA,NA,NA,16,3.16100000000000,4.31714415655896
3DMarkSteelNomad.exe,5756,0x1EC30998B90,DXGI,0,0,1,Hardware Composed: Independent Flip,Application,14314.68289999999979,NA,35.31860000000000,35.19270000000000,0.21230000000000,0.44340000000000,0.60300000000000,NA,35.24930000000000,35.03700000000000,0.21230000000000,22.00440000000000,13.47600000000000,1.83980000000000,11.63620000000000,0.00000000000000,38.03730000000000,14314.68289999999979,NA,NA,NA,NA,24,3.64930000000000,10.35353463708865
3DMarkSteelNomad.exe,5756,0x1EC30998B90,DXGI,0,0,1,Hardware Composed: Independent Flip,Application,14349.93220000000110,NA,90.56700000000001,90.57130000000001,0.20290000000000,0.40090000000000,0.60730000000000,NA,90.55760000000001,90.35470000000001,0.20290000000000,90.32210000000001,0.43350000000000,0.43350000000000,0.00000000000000,0.00000000000000,-55.32200000000000,14349.93220000000110,NA,NA,NA,NA,124,16.25130000000000,17.94845175234664
3DMarkSteelNomad.exe,5756,0x1EC30998B90,DXGI,0,0,1,Hardware Composed: Independent Flip,Application,14440.48980000000120,NA,37.12280000000001,37.17170000000000,0.19400000000000,0.54020000000000,0.65620000000000,NA,37.11390000000000,36.91990000000000,0.19400000000000,4.81240000000000,32.64770000000000,0.88080000000000,31.76690000000000,0.00000000000000,53.38590000000001,14440.48980000000120,NA,NA,NA,NA,23,3.55350000000000,9.54477327302322
3DMarkSteelNomad.exe,5756,0x1EC30998B90,DXGI,0,0,1,Hardware Composed: Independent Flip,Application,14477.60370000000148,NA,379.82050000000004,380.05110000000002,0.77700000000000,0.24310000000000,0.88680000000000,NA,380.40350000000001,379.62650000000002,0.77700000000000,13.19740000000000,366.67220000000003,61.65080000000000,305.02140000000003,0.00000000000000,-342.93720000000002,14477.60370000000148,NA,NA,NA,NA,23,2.27630000000000,0.59896768000606
3DMarkSteelNomad.exe,5756,0x1EC30998B90,DXGI,0,0,1,Hardware Composed: Independent Flip,Application,14858.00720000000001,NA,1508.81210000000010,1622.48550000000000,1.43270000000000,114.34040000000000,114.56020000000001,NA,1509.46780000000012,1508.03510000000006,1.43270000000000,41.54030000000000,1580.83519999999999,1001.43160000000000,579.40359999999998,0.00000000000000,-1242.08199999999988,14858.00720000000001,NA,NA,NA,NA,0,0.00000000000000,0.00000000000000
3DMarkSteelNomad.exe,5756,0x1EC30998B90,DXGI,0,0,1,Hardware Composed: Independent Flip,Application,16367.47500000000036,NA,44.35310000000000,38.06880000000000,0.27460000000000,108.02110000000000,108.27590000000001,NA,43.19500000000000,42.92040000000000,0.27460000000000,112.90770000000001,38.03380000000000,37.88210000000000,0.15170000000000,0.00000000000000,1471.39900000000011,16367.47500000000036,NA,NA,NA,NA,0,0.00000000000000,0.00000000000000
3DMarkSteelNomad.exe,5756,0x1EC30998B90,DXGI,0,0,1,Hardware Composed: Independent Flip,Application,16410.67000000000189,NA,38.19940000000000,37.61450000000000,0.25860000000000,107.55660000000000,107.69100000000000,NA,38.18340000000001,37.92480000000000,0.25860000000000,107.74650000000001,37.73490000000000,37.31380000000000,0.42110000000000,0.00000000000000,5.58050000000000,16410.67000000000189,NA,NA,NA,NA,0,0.00000000000000,0.00000000000000
3DMarkSteelNomad.exe,5756,0x1EC30998B90,DXGI,0,0,1,Hardware Composed: Independent Flip,Application,16448.85339999999997,NA,40.35790000000000,37.95080000000000,0.20760000000000,105.01730000000001,105.28390000000000,NA,40.30690000000000,40.09930000000000,0.20760000000000,107.29800000000000,37.81860000000000,37.81860000000000,0.00000000000000,0.00000000000000,0.23260000000000,16448.85339999999997,NA,NA,NA,NA,0,0.00000000000000,0.00000000000000
3DMarkSteelNomad.exe,5756,0x1EC30998B90,DXGI,0,0,1,Hardware Composed: Independent Flip,Application,16489.16029999999955,NA,40.52080000000000,37.93970000000000,0.25040000000000,102.61380000000001,102.70280000000001,NA,40.56360000000000,40.31320000000000,0.25040000000000,104.80970000000001,38.11730000000000,37.57630000000000,0.54100000000000,0.00000000000000,2.36720000000000,16489.16029999999955,NA,NA,NA,NA,0,0.00000000000000,0.00000000000000
3DMarkSteelNomad.exe,5756,0x1EC30998B90,DXGI,0,0,1,Hardware Composed: Independent Flip,Application,16529.72390000000087,NA,36.03630000000000,38.16820000000000,0.32010000000000,104.55370000000001,104.83470000000000,NA,36.10600000000000,35.78590000000001,0.32010000000000,102.36340000000000,37.97620000000000,37.97620000000000,0.00000000000000,0.00000000000000,2.39540000000000,16529.72390000000087,NA,NA,NA,NA,0,0.00000000000000,0.00000000000000
3DMarkSteelNomad.exe,5756,0x1EC30998B90,DXGI,0,0,1,Hardware Composed: Independent Flip,Application,16565.82990000000063,NA,39.20070000000000,38.12110000000000,0.28160000000000,103.60720000000001,103.75510000000000,NA,39.16220000000000,38.88060000000000,0.28160000000000,104.62290000000000,37.86490000000000,37.61700000000000,0.24789999999999,0.00000000000000,-2.01510000000000,16565.82990000000063,NA,NA,NA,NA,0,0.00000000000000,0.00000000000000
3DMarkSteelNomad.exe,5756,0x1EC30998B90,DXGI,0,0,1,Hardware Composed: Independent Flip,Application,16604.99209999999948,NA,34.73960000000000,39.02860000000000,0.24870000000000,107.50010000000000,108.04410000000000,NA,34.70670000000000,34.45800000000000,0.24870000000000,103.32560000000001,38.63250000000000,38.46180000000000,0.17070000000000,0.00000000000000,0.13359999999999,16604.99209999999948,NA,NA,NA,NA,0,0.00000000000000,0.00000000000000
3DMarkSteelNomad.exe,5756,0x1EC30998B90,DXGI,0,0,1,Hardware Composed: Independent Flip,Application,16639.69880000000194,NA,41.56650000000000,39.29640000000000,0.40200000000000,105.32790000000000,105.77400000000000,NA,41.71980000000001,41.31780000000001,0.40200000000000,107.50150000000001,39.14420000000000,38.80180000000000,0.34240000000000,0.00000000000000,-4.58969999999999,16639.69880000000194,NA,NA,NA,NA,0,0.00000000000000,0.00000000000000
3DMarkSteelNomad.exe,5756,0x1EC30998B90,DXGI,0,0,1,Hardware Composed: Independent Flip,Application,16681.41860000000088,NA,39.09850000000000,39.11300000000000,0.31040000000000,105.39140000000000,105.78850000000000,NA,39.00690000000000,38.69650000000000,0.31040000000000,105.67600000000000,38.41190000000000,38.22260000000000,0.18930000000000,0.00000000000000,2.60680000000000,16681.41860000000088,NA,NA,NA,NA,0,0.00000000000000,0.00000000000000
3DMarkSteelNomad.exe,5756,0x1EC30998B90,DXGI,0,0,1,Hardware Composed: Independent Flip,Application,16720.42550000000119,NA,39.18270000000000,38.27840000000000,0.44690000000000,104.81540000000001,104.88420000000001,NA,39.31920000000000,38.87230000000000,0.44690000000000,105.72410000000001,37.96360000000000,37.76850000000000,0.19510000000000,0.00000000000000,0.72850000000000,16720.42550000000119,NA,NA,NA,NA,0,0.00000000000000,0.00000000000000
3DMarkSteelNomad.exe,5756,0x1EC30998B90,DXGI,0,0,1,Hardware Composed: Independent Flip,Application,16759.74469999999928,NA,37.86280000000000,38.01460000000000,0.30570000000000,104.93750000000000,105.03600000000000,NA,37.72160000000000,37.41590000000000,0.30570000000000,104.36850000000001,37.98490000000000,37.98490000000000,0.00000000000000,0.00000000000000,1.30460000000000,16759.74469999999928,NA,NA,NA,NA,0,0.00000000000000,0.00000000000000
3DMarkSteelNomad.exe,5756,0x1EC30998B90,DXGI,0,0,1,Hardware Composed: Independent Flip,Application,16797.46630000000005,NA,40.25100000000000,37.90700000000000,0.36440000000000,102.48260000000001,102.69200000000001,NA,40.30970000000001,39.94530000000000,0.36440000000000,104.63180000000000,37.79610000000000,37.79610000000000,0.00000000000000,0.00000000000000,-0.18540000000000,16797.46630000000005,NA,NA,NA,NA,0,0.00000000000000,0.00000000000000
3DMarkSteelNomad.exe,5756,0x1EC30998B90,DXGI,0,0,1,Hardware Composed: Independent Flip,Application,16837.77600000000166,NA,31.61080000000000,38.70500000000001,0.21310000000000,109.39560000000000,109.78620000000001,NA,31.45950000000000,31.24640000000000,0.21310000000000,102.11820000000000,38.52380000000000,38.38850000000000,0.13530000000000,0.00000000000000,1.60469999999999,16837.77600000000166,NA,NA,NA,NA,0,0.00000000000000,0.00000000000000
3DMarkSteelNomad.exe,5756,0x1EC30998B90,DXGI,0,0,1,Hardware Composed: Independent Flip,Application,16869.23550000000250,NA,39.29760000000000,39.11610000000000,0.19710000000000,109.36420000000001,109.60470000000001,NA,39.28160000000000,39.08450000000000,0.19710000000000,109.18250000000000,39.26620000000000,38.84720000000000,0.41900000000000,0.00000000000000,-7.65660000000000,16869.23550000000250,NA,NA,NA,NA,0,0.00000000000000,0.00000000000000
3DMarkSteelNomad.exe,5756,0x1EC30998B90,DXGI,0,0,1,Hardware Composed: Independent Flip,Application,16908.51710000000094,NA,40.77600000000000,39.12280000000001,0.28960000000000,107.69580000000001,107.95150000000001,NA,40.86850000000000,40.57890000000000,0.28960000000000,109.16710000000000,39.10760000000001,38.68890000000000,0.41870000000000,0.00000000000000,0.15880000000000,16908.51710000000094,NA,NA,NA,NA,0,0.00000000000000,0.00000000000000
3DMarkSteelNomad.exe,5756,0x1EC30998B90,DXGI,0,0,1,Hardware Composed: Independent Flip,Application,16949.38560000000143,NA,39.55960000000000,39.23680000000000,0.26880000000000,107.36420000000001,107.62870000000001,NA,39.53880000000000,39.27000000000000,0.26880000000000,107.76780000000001,38.86640000000000,38.73110000000000,0.13529999999999,0.00000000000000,1.63170000000000,16949.38560000000143,NA,NA,NA,NA,0,0.00000000000000,0.00000000000000
3DMarkSteelNomad.exe,5756,0x1EC30998B90,DXGI,0,0,1,Hardware Composed: Independent Flip,Application,16988.92439999999988,NA,39.64660000000000,39.67510000000000,0.33450000000000,107.35970000000000,107.65720000000000,NA,39.71230000000000,39.37780000000000,0.33450000000000,107.45430000000000,39.28320000000000,39.04880000000000,0.23440000000000,0.00000000000000,-0.13630000000000,16988.92439999999988,NA,NA,NA,NA,0,0.00000000000000,0.00000000000000
3DMarkSteelNomad.exe,5756,0x1EC30998B90,DXGI,0,0,1,Hardware Composed: Independent Flip,Application,17028.63669999999911,NA,39.72200000000000,40.08110000000000,0.29740000000000,107.48120000000000,108.01630000000000,NA,39.68490000000001,39.38750000000000,0.29740000000000,107.02520000000000,39.84350000000000,39.34900000000000,0.49450000000000,0.00000000000000,-0.36880000000000,17028.63669999999911,NA,NA,NA,NA,0,0.00000000000000,0.00000000000000
3DMarkSteelNomad.exe,5756,0x1EC30998B90,DXGI,0,0,1,Hardware Composed: Independent Flip,Application,17068.32159999999931,NA,38.45460000000000,39.76150000000001,0.30270000000000,109.15120000000000,109.32320000000000,NA,38.45990000000000,38.15720000000000,0.30270000000000,107.42610000000001,39.88230000000000,39.63440000000000,0.24790000000000,0.00000000000000,-0.07660000000001,17068.32159999999931,NA,NA,NA,NA,0,0.00000000000000,0.00000000000000
3DMarkSteelNomad.exe,5756,0x1EC30998B90,DXGI,0,0,1,Hardware Composed: Independent Flip,Application,17106.78150000000096,NA,41.69030000000000,39.55820000000000,0.28570000000000,106.92840000000001,107.19110000000001,NA,41.67330000000000,41.38760000000000,0.28570000000000,108.84850000000000,39.46750000000000,39.31880000000000,0.14870000000000,0.00000000000000,-1.09829999999999,17106.78150000000096,NA,NA,NA,NA,0,0.00000000000000,0.00000000000000
3DMarkSteelNomad.exe,5756,0x1EC30998B90,DXGI,0,0,1,Hardware Composed: Independent Flip,Application,17148.45479999999952,NA,38.55880000000001,40.37530000000000,0.32050000000000,108.44670000000001,109.00760000000001,NA,38.59360000000000,38.27310000000000,0.32050000000000,106.64270000000000,40.07710000000000,39.46820000000000,0.60890000000000,0.00000000000000,1.29800000000000,17148.45479999999952,NA,NA,NA,NA,0,0.00000000000000,0.00000000000000
3DMarkSteelNomad.exe,5756,0x1EC30998B90,DXGI,0,0,1,Hardware Composed: Independent Flip,Application,17187.04839999999967,NA,38.00080000000001,39.46090000000000,0.25120000000000,110.32090000000001,110.46770000000001,NA,37.93150000000000,37.68030000000000,0.25120000000000,108.12620000000001,39.87500000000000,39.43780000000000,0.43720000000000,0.00000000000000,-0.86730000000000,17187.04839999999967,NA,NA,NA,NA,0,0.00000000000000,0.00000000000000
3DMarkSteelNomad.exe,5756,0x1EC30998B90,DXGI,0,0,1,Hardware Composed: Independent Flip,Application,17224.97990000000209,NA,40.98740000000000,39.27880000000000,0.29560000000000,108.66500000000001,108.75910000000000,NA,41.03180000000000,40.73620000000000,0.29560000000000,110.06970000000001,39.33150000000000,39.33150000000000,0.00000000000000,0.00000000000000,-1.34730000000000,17224.97990000000209,NA,NA,NA,NA,0,0.00000000000000,0.00000000000000
3DMarkSteelNomad.exe,5756,0x1EC30998B90,DXGI,0,0,1,Hardware Composed: Independent Flip,Application,17266.01169999999911,NA,43.87390000000000,39.98970000000000,0.39730000000000,104.48190000000001,104.87490000000001,NA,43.97560000000000,43.57830000000000,0.39730000000000,108.36940000000000,39.69080000000000,39.69080000000000,0.00000000000000,0.00000000000000,1.04210000000000,17266.01169999999911,NA,NA,NA,NA,0,0.00000000000000,0.00000000000000
3DMarkSteelNomad.exe,5756,0x1EC30998B90,DXGI,0,0,1,Hardware Composed: Independent Flip,Application,17309.98730000000069,NA,33.82360000000000,41.30270000000000,0.25860000000000,111.88880000000000,112.35400000000000,NA,33.68490000000001,33.42630000000000,0.25860000000000,104.08460000000001,41.23050000000000,40.33850000000000,0.89200000000000,0.00000000000000,2.67290000000000,17309.98730000000069,NA,NA,NA,NA,0,0.00000000000000,0.00000000000000
3DMarkSteelNomad.exe,5756,0x1EC30998B90,DXGI,0,0,1,Hardware Composed: Independent Flip,Application,17343.67220000000088,NA,36.72790000000000,40.68320000000000,0.20260000000000,115.98960000000001,116.30930000000001,NA,36.67190000000000,36.46930000000000,0.20260000000000,111.89910000000000,40.55980000000000,40.37930000000000,0.18050000000000,0.00000000000000,-6.99830000000000,17343.67220000000088,NA,NA,NA,NA,0,0.00000000000000,0.00000000000000
3DMarkSteelNomad.exe,5756,0x1EC30998B90,DXGI,0,0,1,Hardware Composed: Independent Flip,Application,17380.34410000000207,NA,43.39920000000000,39.77850000000000,0.30290000000000,112.48760000000000,112.68860000000001,NA,43.49950000000000,43.19660000000000,0.30290000000000,116.21570000000001,39.46850000000000,39.29810000000001,0.17039999999999,0.00000000000000,-3.10660000000000,17380.34410000000207,NA,NA,NA,NA,0,0.00000000000000,0.00000000000000
3DMarkSteelNomad.exe,5756,0x1EC30998B90,DXGI,0,0,1,Hardware Composed: Independent Flip,Application,17423.84360000000015,NA,42.02940000000000,39.89890000000000,0.33040000000000,110.16670000000001,110.55810000000001,NA,42.05690000000000,41.72650000000000,0.33040000000000,112.18470000000001,39.70850000000000,39.70850000000000,0.00000000000000,0.00000000000000,3.60060000000000,17423.84360000000015,NA,NA,NA,NA,0,0.00000000000000,0.00000000000000
3DMarkSteelNomad.exe,5756,0x1EC30998B90,DXGI,0,0,1,Hardware Composed: Independent Flip,Application,17465.90049999999974,NA,42.18400000000000,40.56240000000000,0.35200000000000,108.61190000000001,108.93650000000001,NA,42.20560000000000,41.85360000000000,0.35200000000000,109.83630000000001,40.62920000000000,40.18160000000000,0.44760000000000,0.00000000000000,1.49450000000000,17465.90049999999974,NA,NA,NA,NA,0,0.00000000000000,0.00000000000000
3DMarkSteelNomad.exe,5756,0x1EC30998B90,DXGI,0,0,1,Hardware Composed: Independent Flip,Application,17508.10610000000088,NA,38.22190000000001,40.16740000000000,0.29340000000000,110.58220000000000,110.88200000000001,NA,38.16330000000000,37.86990000000000,0.29340000000000,108.71080000000001,39.74130000000000,39.57480000000000,0.16650000000000,0.00000000000000,2.03820000000000,17508.10610000000088,NA,NA,NA,NA,0,0.00000000000000,0.00000000000000
3DMarkSteelNomad.exe,5756,0x1EC30998B90,DXGI,0,0,1,Hardware Composed: Independent Flip,Application,17546.26940000000104,NA,42.16300000000000,39.94740000000000,0.34230000000000,108.45070000000001,108.66640000000001,NA,42.21190000000001,41.86960000000001,0.34230000000000,110.28880000000001,40.03150000000000,39.41980000000000,0.61170000000000,0.00000000000000,-1.78410000000000,17546.26940000000104,NA,NA,NA,NA,0,0.00000000000000,0.00000000000000
3DMarkSteelNomad.exe,5756,0x1EC30998B90,DXGI,0,0,1,Hardware Composed: Independent Flip,Application,17588.48129999999946,NA,37.11940000000000,40.06540000000000,0.19870000000000,111.25480000000000,111.61240000000001,NA,36.97580000000001,36.77710000000000,0.19870000000000,108.10840000000000,39.92350000000000,39.49720000000000,0.42630000000000,0.00000000000000,2.14650000000000,17588.48129999999946,NA,NA,NA,NA,0,0.00000000000000,0.00000000000000
